150,1,0,2,7,1,7,7,2,7,2,7,0
185,1,0,1,2,1,2,1,1,1,1,1,0
339,1,0,1,1,1,1,1,1,1,1,1,0
352,1,1,1,0,1,1,2,1,1,2,1,0
395,1,0,2,1,1,1,1,1,1,1,1,0
437,1,2,3,0,1,3,1,1,3,3,1,0
522,1,4,0,5,1,6,1,5,2,5,1,0
524,1,1,0,2,8,2,1,4,2,3,5,0
650,1,0,1,1,3,1,1,1,1,1,2,0
706,1,0,1,1,1,1,1,1,1,1,1,0
741,1,0,1,1,4,1,1,2,3,6,12,0
764,1,1,0,1,1,2,1,2,1,1,1,0
774,1,1,1,2,0,2,1,1,2,2,2,0
793,1,0,1,1,1,1,1,1,1,1,1,0
843,1,0,2,1,1,1,1,1,1,1,1,0
880,1,0,1,2,1,1,2,8,1,2,7,0
884,1,10,0,11,9,9,9,10,10,1,10,0
896,1,1,2,2,0,1,1,2,4,2,2,0
939,1,0,3,2,1,2,4,1,3,1,1,0
979,1,1,1,1,2,0,2,2,1,1,1,0
988,1,0,1,8,1,1,3,1,1,1,1,0
995,1,9,0,10,1,1,10,10,10,1,1,0
1009,1,0,1,1,1,1,1,4,1,1,1,0
1038,1,0,1,3,1,2,1,3,1,1,1,0
1047,1,0,1,1,1,1,1,1,1,2,2,0
31,2,1,0,1,4,1,3,4,2,1,4,0
78,2,0,2,2,1,1,1,1,1,1,1,0
94,2,0,1,1,1,2,2,1,1,1,1,0
171,2,0,2,1,1,1,1,1,1,3,3,0
266,2,2,0,2,3,1,1,3,4,1,1,0
357,2,7,18,16,18,9,18,16,0,18,8,0
456,2,2,0,4,2,1,1,2,4,2,3,0
630,2,1,1,0,2,2,2,1,1,9,2,0
637,2,0,3,1,1,1,1,2,1,1,1,0
770,2,1,0,3,3,3,2,3,2,4,4,0
772,2,2,3,0,1,3,3,4,4,3,4,0
777,2,0,26,2,1,1,3,3,1,1,1,0
778,2,0,1,1,1,1,1,1,1,3,1,0
785,2,9,10,8,10,10,10,10,0,10,10,0
1012,2,0,4,2,1,6,2,2,2,2,2,0
334,3,1,0,1,4,1,3,1,1,1,1,0
573,3,0,2,2,4,3,10,1,4,5,4,0
649,3,3,2,10,5,4,0,3,10,10,11,0
723,3,0,1,1,1,9,9,6,5,5,6,0
737,3,0,1,1,1,3,1,1,1,1,1,0
739,3,0,6,1,8,2,7,13,6,11,9,0
819,3,3,0,3,3,4,3,3,4,4,10,0
987,3,0,1,1,1,1,1,1,1,7,1,0
1034,3,0,1,1,1,3,1,7,1,1,5,0
166,4,5,1,5,5,1,0,5,1,5,5,0
378,4,1,1,0,1,1,1,1,1,1,1,0
1045,4,0,16,6,6,11,14,1,16,18,9,0
110,5,0,1,1,1,5,1,1,3,9,1,0
652,5,0,2,1,1,1,1,1,1,1,2,0
8,6,6,5,0,1,12,1,6,1,6,4,0
228,6,1,2,0,1,1,1,1,2,1,2,0
18,7,9,0,10,1,1,7,9,1,10,10,0
143,7,1,0,9,5,5,9,4,5,4,9,0
494,7,0,1,5,6,5,6,5,5,1,6,0
934,7,7,0,8,10,8,8,8,8,8,8,0
975,7,7,7,7,8,0,7,7,7,8,7,0
492,9,0,1,1,1,1,1,4,1,1,3,0
300,10,0,1,1,1,1,1,1,1,1,1,0
369,10,0,1,1,1,3,1,3,1,1,9,0
603,10,10,10,0,8,10,10,10,10,10,10,0
467,12,0,1,4,1,1,1,1,1,16,15,0
245,16,0,6,1,7,2,1,2,10,1,8,0
308,18,0,1,1,1,1,1,1,1,3,4,0
178,19,0,24,24,1,1,24,24,1,24,12,0
60,1,1,2,2,3,2,2,3,2,9,11,1
315,1,2,2,2,2,2,2,2,2,2,1,1
396,1,1,1,1,1,1,2,2,2,2,2,1
444,1,2,2,2,1,2,2,2,1,2,2,1
447,1,1,2,2,2,7,2,2,4,2,2,1
508,1,1,1,1,3,2,3,3,2,3,3,1
530,1,1,1,2,2,2,2,3,2,2,2,1
640,1,1,2,2,2,2,2,2,2,2,2,1
684,1,2,3,2,3,2,3,1,2,3,2,1
707,1,1,2,1,2,1,2,1,2,3,2,1
711,1,1,1,1,1,2,2,2,2,2,1,1
751,1,6,3,1,9,6,2,4,7,4,4,1
796,1,2,1,2,2,2,2,2,2,1,2,1
799,1,1,1,1,1,1,1,1,1,1,1,1
820,1,2,1,2,2,2,2,2,3,2,2,1
871,1,1,2,2,2,2,2,2,2,2,2,1
885,1,2,2,1,1,3,3,3,3,3,3,1
891,1,2,1,1,1,1,1,1,1,1,1,1
902,1,1,2,2,2,2,2,2,2,2,2,1
924,1,1,24,2,2,24,2,24,1,14,2,1
974,1,1,2,2,3,2,2,2,6,2,2,1
1024,1,1,2,2,2,2,2,2,2,2,2,1
55,2,1,1,5,7,1,1,2,1,2,1,1
96,2,3,3,3,3,1,3,3,3,3,3,1
105,2,3,3,3,3,1,3,3,5,3,3,1
137,2,2,1,2,1,2,2,3,2,2,1,1
209,2,1,2,1,3,1,1,7,1,1,3,1
278,2,1,1,1,1,1,1,1,1,1,1,1
379,2,1,2,2,2,2,2,2,3,2,3,1
454,2,1,1,2,8,2,2,3,10,2,8,1
487,2,1,2,2,2,2,1,2,2,2,2,1
501,2,1,1,9,2,1,2,3,3,1,2,1
613,2,1,2,3,4,4,5,2,2,2,2,1
636,2,1,1,1,1,1,1,1,1,1,1,1
690,2,1,1,1,1,1,1,1,2,2,1,1
740,2,1,5,2,2,2,2,2,2,2,5,1
748,2,1,10,13,6,2,1,1,1,1,9,1
814,2,1,1,1,1,1,3,1,1,1,1,1
835,2,1,9,2,1,7,3,1,1,1,1,1
861,2,3,1,3,1,3,1,3,3,3,1,1
874,2,2,2,3,1,2,2,2,2,2,2,1
914,2,1,2,1,2,1,1,2,2,1,2,1
1032,2,2,1,17,17,2,1,2,4,5,2,1
3,3,4,5,4,1,4,5,5,5,3,4,1
107,3,1,4,8,1,1,2,7,1,6,18,1
112,3,1,1,1,2,2,1,2,4,2,1,1
162,3,1,1,2,1,2,1,2,2,2,2,1
248,3,3,6,4,2,5,1,14,14,14,13,1
305,3,4,8,1,4,3,7,4,8,8,8,1
307,3,3,1,2,4,2,4,6,2,6,11,1
528,3,2,1,5,5,5,5,4,2,2,2,1
670,3,5,8,8,8,4,1,5,5,8,2,1
702,3,3,7,1,1,1,1,1,4,4,1,1
712,3,1,1,1,1,1,1,1,1,1,1,1
717,3,1,4,1,1,1,1,1,4,1,1,1
747,3,5,3,5,1,8,5,5,6,8,5,1
807,3,1,2,2,2,2,2,2,1,2,2,1
815,3,2,2,1,2,3,3,2,5,5,5,1
879,3,1,2,2,1,1,2,3,3,2,2,1
893,3,4,4,2,4,1,4,4,7,4,6,1
997,3,4,1,5,5,5,2,2,5,5,7,1
1052,3,2,1,2,2,2,2,4,2,4,2,1
275,4,2,4,2,2,1,4,4,4,4,17,1
277,4,4,5,6,1,5,4,4,5,5,5,1
409,4,1,1,1,1,1,1,1,1,1,1,1
484,4,2,8,2,6,2,2,1,4,2,4,1
583,4,2,4,1,3,7,3,20,2,3,3,1
795,4,5,1,1,1,5,5,1,5,1,5,1
336,5,6,1,6,4,4,3,3,3,6,6,1
704,5,4,1,3,6,5,6,4,2,2,6,1
787,5,3,3,3,3,3,8,4,8,3,1,1
960,5,1,8,1,8,1,8,1,8,1,8,1
1,6,1,2,2,1,2,2,2,1,2,2,1
44,6,1,2,1,2,2,2,2,8,3,2,1
133,6,1,1,1,1,1,1,2,1,2,6,1
225,6,1,1,1,1,1,1,1,1,1,1,1
258,7,1,8,8,8,8,8,8,8,8,8,1
338,7,1,3,1,6,1,1,4,6,6,6,1
588,7,11,11,1,11,11,1,3,1,3,3,1
612,7,1,1,1,2,1,8,1,6,9,8,1
93,8,1,1,1,1,1,1,1,3,9,9,1
145,8,7,1,8,10,9,9,8,7,10,9,1
164,8,1,1,1,1,3,1,1,3,1,3,1
725,8,1,1,1,1,1,1,1,11,12,4,1
882,8,8,9,8,8,9,9,8,9,1,8,1
950,8,1,1,1,1,4,1,4,1,1,1,1
1002,8,1,1,1,1,1,1,1,1,1,1,1
1031,8,1,1,1,1,1,1,1,1,1,1,1
102,10,1,1,1,1,1,1,1,1,1,1,1
187,10,1,1,1,1,1,1,1,1,1,1,1
237,10,1,1,1,1,3,1,1,1,1,1,1
246,10,1,1,1,1,1,1,1,1,1,1,1
335,10,1,1,1,1,1,1,1,1,1,1,1
661,10,6,1,6,6,4,1,4,14,14,7,1
926,11,7,8,1,8,8,8,8,1,8,8,1
941,11,1,1,1,1,1,1,1,1,1,1,1
752,12,2,3,3,2,3,4,3,3,1,4,1
1014,12,1,8,8,1,4,8,8,1,8,8,1
680,15,2,1,2,2,2,1,2,2,2,2,1
1044,15,5,6,9,8,5,1,10,6,5,8,1
149,16,3,2,2,2,1,3,2,3,2,3,1
486,20,1,1,1,1,1,1,1,1,1,1,1
568,20,1,1,1,1,1,1,1,1,1,1,1
323,22,2,2,2,2,2,2,2,2,1,2,1
667,33,1,1,1,1,1,2,2,2,1,30,1
37,1,2,2,2,2,6,2,2,2,3,2,2
41,1,2,2,2,2,2,2,2,2,2,2,2
46,1,2,2,2,2,2,2,2,2,2,2,2
85,1,2,2,2,2,2,2,2,2,2,2,2
90,1,2,4,2,2,2,2,5,2,5,7,2
129,1,3,2,4,3,2,3,4,3,2,5,2
170,1,4,2,2,6,2,2,5,4,3,4,2
215,1,2,3,3,3,3,2,2,4,3,3,2
230,1,2,2,2,2,2,2,2,2,2,2,2
249,1,2,2,2,2,2,2,2,2,2,2,2
276,1,2,2,2,2,2,2,2,2,2,2,2
368,1,3,3,3,3,3,3,3,2,4,7,2
439,1,2,3,3,2,2,3,2,3,4,3,2
440,1,2,3,3,3,3,3,3,3,3,3,2
478,1,2,2,2,2,4,2,2,4,2,5,2
541,1,4,4,3,4,4,4,5,3,3,2,2
619,1,2,2,2,2,2,2,2,2,2,2,2
651,1,3,3,2,3,5,3,3,3,3,3,2
665,1,2,2,2,2,2,2,2,2,2,2,2
720,1,3,4,3,4,3,3,2,3,4,3,2
721,1,2,2,2,2,2,2,2,2,9,9,2
779,1,2,2,2,2,2,2,2,2,2,2,2
865,1,2,2,2,2,2,2,2,2,2,2,2
872,1,2,2,2,2,2,9,9,9,9,9,2
876,1,2,2,2,2,2,2,2,2,2,5,2
887,1,3,3,3,3,3,3,3,4,4,2,2
889,1,2,2,2,2,2,2,2,2,2,2,2
901,1,2,2,2,2,2,2,2,2,2,2,2
945,1,2,2,6,3,2,2,2,2,2,3,2
948,1,2,4,5,14,2,13,5,3,2,5,2
1013,1,3,3,3,2,3,3,3,3,3,3,2
1050,1,2,2,2,2,2,2,2,3,2,3,2
122,2,5,5,5,5,3,2,5,5,5,5,2
161,2,3,2,2,3,2,3,3,3,4,2,2
231,2,3,2,3,4,2,4,3,3,2,26,2
242,2,2,3,2,3,3,3,3,6,3,3,2
267,2,2,2,2,2,2,2,2,2,3,2,2
292,2,2,2,4,2,4,2,2,4,2,2,2
375,2,2,3,5,7,6,3,6,6,4,5,2
399,2,2,2,2,2,2,2,2,2,2,2,2
400,2,6,2,6,6,8,2,6,6,6,6,2
414,2,3,2,4,2,4,4,2,3,4,3,2
435,2,2,3,2,2,3,2,3,3,2,3,2
460,2,2,3,2,3,3,3,3,3,3,2,2
483,2,2,3,6,5,3,2,6,3,5,4,2
553,2,2,2,3,3,2,2,3,2,3,2,2
562,2,2,2,2,2,2,2,2,2,2,2,2
569,2,2,2,2,2,2,2,2,2,3,2,2
632,2,7,9,8,8,2,8,7,8,8,8,2
657,2,2,3,3,4,4,4,3,3,3,3,2
693,2,2,4,3,13,3,3,3,3,3,3,2
786,2,2,2,5,5,2,2,5,11,14,11,2
862,2,3,4,2,5,3,4,3,4,5,3,2
883,2,2,2,4,3,2,3,3,5,5,6,2
908,2,3,4,3,6,3,2,4,6,4,4,2
915,2,2,2,2,2,2,2,2,2,2,2,2
991,2,2,2,3,3,2,3,2,3,2,2,2
1003,2,3,3,3,3,3,3,2,3,3,3,2
144,3,2,2,2,2,2,2,2,2,2,2,2
148,3,2,2,2,2,2,3,2,2,2,2,2
214,3,2,2,2,2,2,2,2,2,2,2,2
216,3,3,4,3,3,3,3,2,3,3,3,2
332,3,2,2,2,2,2,2,2,2,2,3,2
549,3,2,6,2,2,4,4,4,4,4,4,2
559,3,3,4,2,3,4,3,3,4,4,5,2
597,3,5,5,2,5,5,2,2,5,2,5,2
844,3,4,2,4,2,4,2,4,2,5,3,2
89,4,2,3,3,3,3,3,3,3,5,5,2
98,4,2,2,2,2,2,2,2,2,2,2,2
176,4,3,2,3,3,3,3,2,3,3,3,2
579,4,4,2,4,4,4,4,4,4,7,7,2
151,5,2,2,2,2,2,2,2,2,2,2,2
152,5,2,2,2,2,2,2,2,2,2,2,2
236,5,2,2,2,2,3,2,3,2,2,2,2
253,5,2,2,7,5,5,2,2,5,5,5,2
666,5,2,2,2,2,2,2,2,2,2,3,2
701,5,2,2,2,2,2,2,2,2,2,2,2
714,5,2,5,2,2,5,3,3,3,2,3,2
756,5,3,2,2,3,2,3,3,2,4,4,2
775,5,2,2,2,2,2,2,3,2,2,2,2
888,5,7,7,6,4,4,8,11,2,7,12,2
990,5,2,2,2,2,2,2,2,2,3,7,2
742,6,3,3,9,5,9,2,3,3,16,16,2
972,6,2,8,2,8,8,8,8,8,8,10,2
126,7,2,2,2,2,2,2,2,2,2,2,2
809,7,2,2,2,2,2,2,2,2,2,2,2
830,7,2,2,2,3,3,2,2,2,2,3,2
846,7,9,9,2,2,9,9,9,10,10,10,2
678,8,2,2,2,2,2,2,2,2,2,2,2
731,8,2,2,4,4,2,2,2,2,2,2,2
681,9,4,2,10,7,9,11,9,9,10,11,2
732,9,2,2,2,2,2,2,2,2,2,2,2
349,10,2,3,3,4,4,4,3,3,2,7,2
1033,10,11,2,12,3,12,12,12,12,3,12,2
376,12,2,2,2,2,2,2,2,2,2,2,2
703,12,2,2,2,2,2,2,2,2,2,2,2
1000,14,2,2,2,2,2,2,2,2,2,2,2
833,15,7,7,8,8,8,8,7,2,17,18,2
989,16,6,7,6,6,7,6,3,2,3,3,2
694,18,2,2,2,2,2,2,2,2,2,2,2
363,19,4,10,10,4,10,10,10,10,2,10,2
294,21,7,7,7,7,2,2,10,10,12,12,2
942,21,2,2,2,2,11,2,2,11,2,11,2
180,23,2,2,2,2,2,2,2,2,2,2,2
72,27,2,2,2,2,2,2,2,29,29,29,2
1048,30,27,27,2,26,2,27,27,28,27,27,2
1049,30,23,23,23,2,2,23,23,23,23,23,2
16,1,3,3,3,3,3,3,3,3,3,3,3
25,1,17,3,3,3,18,6,5,6,7,5,3
35,1,5,6,3,6,6,6,6,6,6,6,3
168,1,3,3,3,3,3,3,3,3,3,3,3
189,1,3,3,4,4,3,3,3,4,4,3,3
196,1,3,3,3,3,3,3,3,3,3,3,3
221,1,3,3,3,3,3,3,3,3,3,3,3
239,1,3,3,3,3,3,3,3,3,3,3,3
244,1,3,4,3,4,4,3,4,4,5,6,3
320,1,3,3,3,3,3,3,3,3,3,3,3
343,1,3,3,3,3,3,3,3,3,3,3,3
393,1,3,3,3,3,3,3,6,6,6,10,3
402,1,3,3,3,3,3,3,3,3,3,3,3
413,1,3,3,3,3,3,3,3,4,3,4,3
523,1,6,4,4,3,4,7,7,4,5,4,3
641,1,11,14,11,3,11,4,11,12,14,14,3
653,1,3,3,3,3,3,3,3,3,3,3,3
675,1,3,3,3,3,3,3,3,3,3,3,3
685,1,3,3,3,3,3,3,3,3,4,4,3
715,1,3,3,3,3,3,3,3,3,3,3,3
832,1,3,3,3,3,3,3,3,3,3,3,3
848,1,3,4,4,4,6,4,4,4,7,4,3
857,1,30,30,30,3,3,3,3,3,3,3,3
935,1,3,3,3,3,3,3,3,3,3,3,3
1027,1,3,3,3,3,3,3,3,3,3,3,3
1046,1,3,3,3,3,3,3,3,3,3,3,3
1055,1,3,3,3,3,3,3,3,3,3,3,3
51,2,3,3,3,14,3,3,3,3,18,3,3
61,2,4,4,4,4,4,4,3,4,4,3,3
136,2,5,3,13,3,18,13,13,13,13,13,3
350,2,3,3,5,3,5,5,3,5,3,3,3
405,2,3,3,3,3,5,3,3,5,5,3,3
412,2,3,3,3,3,3,3,3,3,3,3,3
463,2,4,4,4,4,7,4,4,3,4,4,3
561,2,4,3,4,5,5,4,4,4,3,3,3
625,2,5,5,3,5,5,3,3,5,5,13,3
646,2,3,3,3,3,3,3,3,4,4,3,3
776,2,3,6,5,5,4,6,8,8,10,8,3
850,2,15,16,5,5,5,3,11,10,7,7,3
877,2,3,3,3,3,4,4,3,3,4,4,3
898,2,8,3,9,9,9,9,9,9,9,8,3
905,2,6,7,6,6,4,3,7,6,6,6,3
91,3,6,7,6,6,6,7,7,5,3,3,3
111,3,3,4,4,4,4,4,4,10,4,9,3
159,3,4,7,7,4,6,5,7,3,8,10,3
210,3,3,4,4,4,4,4,4,4,4,4,3
309,3,3,4,4,4,4,4,4,4,4,4,3
346,3,6,6,6,5,6,6,5,5,3,5,3
407,3,6,3,6,6,3,6,3,6,3,3,3
416,3,3,4,4,4,4,5,5,4,4,4,3
473,3,3,4,4,4,4,4,4,4,4,4,3
504,3,3,4,4,3,3,3,3,4,4,4,3
546,3,6,6,3,6,6,6,3,3,6,4,3
571,3,3,4,4,4,4,4,4,4,5,4,3
589,3,3,3,3,3,3,3,3,3,3,3,3
643,3,3,3,3,3,3,3,3,4,3,6,3
729,3,3,4,4,4,4,4,4,4,4,4,3
736,3,4,5,5,5,5,3,4,4,6,4,3
738,3,3,3,3,3,3,3,3,3,3,3,3
780,3,3,8,4,9,4,4,4,9,4,9,3
789,3,3,4,4,4,4,4,4,4,4,4,3
841,3,3,4,4,4,4,4,4,4,4,4,3
878,3,3,4,3,4,4,4,3,4,4,4,3
938,3,3,3,3,3,3,3,3,3,3,8,3
59,4,4,4,3,4,3,4,4,3,4,7,3
259,4,5,5,5,5,5,5,5,5,3,5,3
387,4,3,3,3,3,3,3,3,3,8,8,3
317,5,3,3,4,3,3,4,4,4,3,3,3
344,5,4,6,4,3,4,4,7,5,6,6,3
436,5,3,3,3,3,3,5,5,6,6,6,3
614,5,3,3,3,3,3,3,3,3,3,3,3
897,5,3,3,3,4,3,4,3,5,4,4,3
48,6,6,6,7,4,3,7,7,7,6,5,3
328,6,3,3,3,3,3,3,3,3,3,3,3
1011,6,19,17,16,13,3,17,16,13,8,9,3
1042,6,3,3,3,3,3,3,3,3,6,7,3
33,7,3,3,3,3,3,3,12,12,12,12,3
683,7,3,6,3,3,3,6,3,3,3,3,3
224,8,3,3,3,3,3,3,3,3,3,3,3
1006,9,19,20,20,20,20,3,20,4,3,4,3
1021,11,8,10,5,5,11,5,3,5,5,12,3
645,18,3,3,3,3,9,12,12,9,8,12,3
27,1,4,4,4,4,4,4,5,5,4,5,4
113,1,4,4,4,4,4,4,4,4,4,4,4
213,1,5,5,5,5,5,5,5,5,5,4,4
256,1,6,5,4,6,4,6,4,6,5,4,4
367,1,12,4,12,12,12,12,12,12,12,12,4
521,1,8,8,7,5,8,8,5,4,5,5,4
624,1,4,4,4,4,4,4,4,4,4,4,4
642,1,4,4,4,4,4,4,4,4,4,4,4
679,1,5,5,6,6,4,6,4,6,7,5,4
823,1,5,4,5,4,5,5,4,4,5,5,4
828,1,4,5,5,4,4,4,4,4,4,4,4
892,1,8,9,9,9,9,10,4,10,4,4,4
910,1,4,4,5,4,5,4,5,4,4,4,4
928,1,4,4,6,6,4,4,6,6,4,4,4
940,1,4,4,4,4,4,4,4,4,4,4,4
985,1,5,6,7,4,7,7,5,14,8,6,4
1008,1,5,4,5,5,5,5,5,5,5,5,4
153,2,4,4,4,4,4,4,4,4,4,5,4
193,2,5,6,5,6,6,4,6,6,6,4,4
310,2,4,5,5,4,5,4,4,5,4,5,4
433,2,4,4,4,4,4,4,4,4,4,4,4
499,2,9,9,9,9,9,4,4,4,4,5,4
547,2,4,4,4,4,4,4,4,4,4,4,4
623,2,4,5,5,4,4,5,4,4,6,4,4
658,2,4,12,4,4,4,4,4,4,12,12,4
668,2,4,4,4,5,5,5,7,4,5,7,4
674,2,4,5,5,4,4,4,4,4,4,11,4
705,2,4,4,4,4,4,4,4,4,4,4,4
709,2,4,6,5,5,5,5,4,5,5,6,4
767,2,4,6,4,4,6,6,4,4,4,4,4
810,2,5,5,6,6,6,6,7,4,6,6,4
834,2,5,5,5,5,4,4,5,4,5,4,4
854,2,4,4,4,4,4,4,4,4,4,4,4
869,2,4,4,4,4,4,4,4,5,4,5,4
154,3,6,6,7,7,6,5,6,6,4,5,4
167,3,5,6,4,5,5,6,5,5,6,4,4
186,3,5,4,5,4,4,5,7,4,4,8,4
235,3,4,7,7,5,7,7,7,7,7,7,4
453,3,11,11,4,13,5,9,13,12,14,13,4
514,3,4,4,4,4,4,4,4,4,7,4,4
535,3,4,4,4,6,4,4,6,6,6,6,4
598,3,4,5,5,5,5,5,5,5,4,5,4
626,3,5,5,4,6,4,5,5,6,5,7,4
639,3,4,4,4,4,4,4,4,4,4,4,4
663,3,4,4,4,4,4,4,4,4,4,4,4
824,3,4,4,4,4,4,4,4,4,4,4,4
929,3,6,6,4,5,5,6,6,4,6,9,4
958,3,12,12,12,12,12,12,12,8,4,4,4
967,3,4,4,4,4,4,4,4,4,4,4,4
1005,3,4,5,4,7,7,6,6,6,5,6,4
29,4,4,5,5,12,5,5,13,11,19,11,4
201,4,6,6,4,6,6,6,6,6,6,5,4
218,4,4,5,5,5,5,5,5,5,5,5,4
288,4,7,7,7,8,4,4,7,7,7,4,4
297,4,5,5,5,5,5,5,5,4,5,5,4
302,4,4,4,4,4,5,4,4,4,4,4,4
692,4,4,5,7,8,5,5,15,13,13,10,4
724,4,5,6,6,5,5,6,6,4,5,5,4
838,4,4,4,4,4,4,4,4,4,4,4,4
911,4,7,5,6,9,4,8,8,7,6,9,4
964,4,4,5,5,5,5,5,5,5,5,5,4
1035,4,4,5,5,5,15,5,5,6,5,15,4
1051,4,6,6,6,6,4,6,4,6,6,6,4
511,5,4,7,6,6,4,6,6,7,13,7,4
638,5,4,4,4,4,4,4,8,8,8,8,4
994,5,4,4,4,4,4,4,4,4,4,4,4
1022,5,6,6,7,7,5,7,4,7,6,7,4
121,6,9,7,8,6,11,10,5,4,9,7,4
23,7,4,4,7,4,5,16,11,8,7,7,4
458,7,4,7,4,4,4,9,9,9,9,9,4
556,7,18,13,17,5,17,4,4,10,5,4,4
760,7,4,4,5,5,4,4,4,4,5,5,4
866,7,5,9,4,8,10,18,5,12,5,9,4
417,9,5,5,5,4,5,5,4,5,5,5,4
784,9,4,4,4,4,5,4,4,5,4,4,4
788,10,15,14,15,15,14,4,14,18,18,14,4
203,12,4,4,4,4,4,4,4,5,4,4,4
578,13,6,6,6,6,6,4,6,6,21,12,4
1020,13,9,8,5,5,5,4,4,4,11,9,4
794,15,4,4,4,4,4,4,4,4,4,6,4
422,30,5,6,6,6,4,6,5,6,6,6,4
132,32,25,25,16,13,21,13,4,16,13,27,4
264,1,6,5,6,6,5,5,7,6,5,6,5
362,1,5,10,5,5,5,5,5,5,10,10,5
498,1,5,5,5,5,5,5,5,5,5,5,5
656,1,5,5,5,5,5,5,5,5,5,7,5
669,1,8,5,5,5,8,8,5,8,5,5,5
710,1,5,12,6,5,11,12,11,5,11,12,5
727,1,5,5,5,5,5,5,5,5,5,5,5
881,1,7,7,7,7,7,7,7,7,5,5,5
947,1,6,5,14,21,20,18,20,21,21,20,5
1053,1,8,9,9,5,9,9,9,9,9,9,5
73,2,5,5,5,5,5,5,5,5,5,5,5
99,2,6,6,6,6,6,6,6,5,6,6,5
155,2,5,5,5,5,5,5,5,5,7,7,5
156,2,6,6,6,6,5,6,6,6,6,5,5
158,2,5,5,5,5,5,5,5,5,5,5,5
238,2,5,5,5,5,5,5,5,5,5,5,5
290,2,5,5,5,5,5,5,5,5,5,5,5
306,2,5,5,5,5,5,5,5,5,5,5,5
364,2,5,5,5,5,5,5,5,5,6,6,5
554,2,5,5,5,5,5,5,5,5,5,5,5
627,2,5,5,5,5,5,5,5,5,5,5,5
676,2,12,12,12,12,5,5,12,5,5,5,5
847,2,5,5,5,5,5,5,5,5,6,9,5
949,2,20,21,20,21,6,5,6,5,6,5,5
10,3,6,6,6,6,6,6,6,5,6,6,5
70,3,6,6,5,6,5,6,6,6,5,6,5
326,3,5,5,5,5,5,5,5,5,5,5,5
421,3,5,6,5,7,7,5,6,6,5,7,5
480,3,5,5,5,5,5,5,5,5,5,5,5
517,3,5,5,5,5,5,5,5,5,5,6,5
599,3,5,5,5,6,6,6,6,6,5,5,5
620,3,19,11,11,11,11,11,11,11,5,5,5
647,3,8,6,8,6,6,7,8,8,6,5,5
761,3,6,5,6,6,6,5,6,5,6,6,5
802,3,5,5,5,5,5,5,5,5,5,5,5
817,3,5,6,5,5,6,6,6,5,6,5,5
864,3,5,6,6,8,9,9,5,8,6,6,5
983,3,5,5,5,5,5,5,5,5,5,5,5
1028,3,5,5,5,6,5,5,6,5,6,5,5
76,4,7,7,7,7,7,7,5,7,5,5,5
138,4,5,5,5,5,6,6,7,6,5,6,5
182,4,5,5,6,6,6,6,6,6,5,25,5
204,4,5,5,5,5,5,5,5,5,5,5,5
260,4,5,5,5,5,5,5,5,5,5,5,5
283,4,7,7,5,5,7,7,7,7,7,7,5
293,4,23,23,6,5,7,7,7,7,7,7,5
515,4,6,5,7,8,7,7,6,7,7,7,5
605,4,5,6,5,6,5,5,5,5,6,6,5
853,4,5,5,5,5,5,5,5,5,5,5,5
404,5,6,6,5,6,6,6,6,5,6,6,5
418,5,5,10,5,5,10,15,5,5,6,8,5
529,5,5,8,8,8,8,10,8,10,9,10,5
592,5,5,8,6,6,9,5,5,8,5,6,5
1025,5,5,6,5,6,5,6,5,6,6,5,5
322,6,5,5,5,5,5,5,5,5,5,5,5
927,6,7,6,6,7,7,6,6,5,6,8,5
234,7,5,5,7,5,7,8,8,10,10,12,5
318,7,7,10,8,9,9,9,9,12,9,5,5
728,7,11,11,5,11,11,5,9,5,5,5,5
904,7,5,6,5,6,5,6,6,6,9,8,5
268,8,5,5,5,5,5,5,5,5,5,5,5
875,8,5,5,5,5,5,5,5,5,5,5,5
445,9,12,7,7,7,7,12,5,5,7,7,5
931,9,8,8,6,8,6,5,5,6,6,5,5
968,10,5,5,5,5,5,5,5,5,5,5,5
197,12,5,5,5,5,5,5,6,6,6,6,5
69,1,7,7,7,7,7,7,7,7,6,6,6
383,1,6,6,6,6,6,6,6,6,6,6,6
457,1,9,9,9,9,9,9,9,9,9,6,6
476,1,7,7,6,13,14,14,13,12,19,20,6
574,1,8,8,6,8,8,8,8,8,8,8,6
596,1,11,11,11,11,11,13,11,11,11,6,6
671,1,6,6,6,6,6,6,9,6,6,6,6
805,1,6,6,6,6,6,6,6,6,6,6,6
825,1,24,30,31,6,29,29,8,6,7,7,6
923,1,7,6,7,7,6,6,6,6,7,7,6
925,1,16,6,7,7,6,6,7,8,7,7,6
1001,1,12,13,12,13,8,7,7,6,8,8,6
53,2,6,8,6,6,6,11,13,11,13,13,6
92,2,6,11,6,11,6,6,6,11,6,11,6
134,2,6,6,6,6,6,6,6,6,6,6,6
211,2,7,6,7,7,6,6,7,11,11,11,6
247,2,6,6,6,6,6,6,6,6,6,6,6
257,2,6,6,6,6,6,6,6,6,6,6,6
291,2,6,6,6,6,6,6,6,6,6,6,6
301,2,6,6,6,6,6,6,6,6,6,6,6
341,2,6,6,6,6,6,6,6,6,6,6,6
496,2,6,6,6,6,6,6,6,6,6,6,6
510,2,15,15,15,6,6,6,6,6,6,6,6
591,2,6,6,9,9,6,8,8,6,6,6,6
602,2,6,6,6,6,6,6,7,7,6,6,6
618,2,7,7,7,7,7,7,7,7,6,6,6
743,2,6,6,6,6,6,6,6,6,6,6,6
1029,2,6,6,7,7,6,6,6,6,6,6,6
39,3,6,6,6,6,6,6,6,6,6,6,6
67,3,6,6,6,6,6,6,6,6,6,6,6
202,3,6,6,6,6,6,6,6,6,6,6,6
212,3,7,6,6,6,7,7,7,7,7,12,6
361,3,6,6,11,7,7,6,10,7,6,6,6
398,3,7,7,6,7,7,6,6,6,8,6,6
443,3,6,6,6,6,6,6,6,6,6,6,6
450,3,7,7,6,6,9,7,7,7,9,9,6
490,3,6,6,7,6,6,6,7,7,6,6,6
503,3,7,12,6,6,18,18,16,18,18,22,6
792,3,15,6,6,15,6,6,6,6,6,6,6
917,3,11,10,6,7,6,8,9,10,9,8,6
930,3,6,6,9,6,9,6,8,8,6,6,6
944,3,6,7,6,7,6,6,6,7,8,9,6
954,3,6,6,6,6,6,6,6,6,6,6,6
169,4,7,6,7,8,6,8,6,6,7,6,6
174,4,6,7,7,6,10,11,16,16,17,17,6
191,4,11,8,6,11,11,6,6,6,6,6,6
298,4,6,6,6,6,6,6,6,6,6,6,6
304,4,7,7,7,7,6,6,7,6,7,7,6
461,4,6,6,6,6,6,6,6,6,6,6,6
469,4,16,16,6,16,16,16,6,16,16,16,6
719,4,6,6,6,6,6,6,6,6,6,6,6
993,4,6,6,6,6,6,6,6,6,6,9,6
1037,4,6,6,6,6,6,6,6,6,10,10,6
295,5,6,6,7,6,8,6,6,6,7,7,6
659,5,11,6,9,11,10,9,11,7,6,8,6
812,5,6,7,6,7,7,7,7,6,11,11,6
868,5,7,6,7,7,7,7,7,6,7,7,6
873,5,24,24,24,6,6,6,6,6,6,6,6
32,6,6,7,8,7,7,7,7,10,7,15,6
142,6,7,6,7,7,6,10,10,9,10,10,6
452,6,6,6,6,6,7,7,7,7,7,8,6
563,6,6,6,6,6,6,6,6,6,6,6,6
965,6,6,6,6,7,7,6,6,7,6,7,6
220,7,6,6,6,6,6,6,6,6,6,6,6
648,7,6,11,6,6,6,6,6,6,6,6,6
140,9,11,11,11,11,11,11,11,11,6,11,6
855,10,7,7,7,7,7,7,7,7,6,7,6
980,12,6,6,6,14,14,14,14,14,14,12,6
386,13,6,19,19,19,19,19,20,19,19,19,6
726,14,6,10,9,22,10,6,6,9,6,6,6
791,17,8,8,7,8,7,6,6,7,7,7,6
331,20,6,6,6,6,6,6,6,6,6,6,6
128,26,7,7,7,7,7,7,6,7,9,9,6
425,26,6,6,10,6,6,10,6,6,6,6,6
5,1,8,8,8,8,8,8,8,7,8,19,7
269,1,7,7,7,7,7,7,7,7,7,7,7
348,1,8,8,8,8,8,8,7,7,7,7,7
520,1,12,9,13,7,13,13,8,13,13,13,7
587,1,7,7,7,7,7,7,7,7,7,7,7
755,1,12,7,13,8,13,8,8,13,13,8,7
762,1,7,7,7,7,7,7,7,7,7,7,7
813,1,7,7,7,7,7,7,7,7,7,7,7
36,2,7,7,8,8,7,7,7,7,7,8,7
194,2,7,7,7,7,7,7,7,7,7,7,7
198,2,7,7,7,7,8,7,7,7,8,7,7
527,2,7,7,7,7,7,7,7,7,7,7,7
831,2,7,8,8,7,8,8,8,7,8,8,7
66,3,7,7,7,7,7,7,7,7,7,7,7
179,3,7,7,7,7,7,7,7,7,7,7,7
250,3,8,8,8,8,8,8,8,8,7,7,7
261,3,8,7,8,8,8,8,8,8,8,8,7
319,3,18,18,7,7,7,7,7,7,7,7,7
500,3,7,7,7,8,7,7,8,7,7,9,7
507,3,8,8,8,8,8,9,8,8,9,7,7
538,3,7,7,7,7,7,7,7,7,7,7,7
595,3,7,7,7,7,7,7,7,8,7,10,7
698,3,7,8,8,8,8,8,8,9,8,8,7
713,3,19,16,7,7,7,7,7,7,7,7,7
836,3,7,7,7,7,7,7,7,7,7,7,7
1023,3,7,7,7,7,7,7,7,7,7,7,7
281,4,7,7,7,7,7,7,7,7,7,7,7
401,4,7,7,7,7,7,7,7,7,7,7,7
116,5,8,8,8,9,7,8,9,8,8,7,7
251,5,7,7,8,7,8,7,7,8,10,8,7
482,5,7,8,7,8,7,8,7,8,7,8,7
575,5,9,8,8,10,10,12,11,10,9,7,7
718,5,8,8,10,8,7,8,8,7,8,10,7
936,5,7,10,7,7,10,10,8,10,8,10,7
981,5,7,8,8,7,8,8,7,7,8,8,7
408,6,9,7,8,9,9,9,9,7,7,9,7
423,6,7,8,8,9,8,8,8,8,34,8,7
477,6,7,7,8,8,8,7,7,8,7,7,7
768,6,7,7,7,16,7,8,8,7,7,8,7
955,6,7,7,7,7,7,7,8,8,7,7,7
30,7,7,8,7,7,7,7,7,7,7,7,7
84,7,7,8,8,8,8,8,8,8,8,8,7
139,7,7,7,7,7,8,7,8,8,8,7,7
287,7,7,10,8,11,7,11,7,11,11,15,7
560,7,7,8,8,8,8,8,8,32,8,8,7
594,7,8,8,10,8,8,8,7,10,8,8,7
783,7,7,8,9,8,8,8,9,8,8,10,7
808,7,8,8,9,8,7,8,9,8,9,9,7
852,7,7,7,7,8,7,8,8,8,7,8,7
867,7,7,7,7,7,14,7,7,7,9,7,7
966,7,7,7,9,9,9,9,9,9,9,9,7
1056,7,9,7,9,9,9,9,12,12,12,11,7
582,8,8,7,13,8,9,10,10,12,7,13,7
606,8,11,10,11,11,10,11,10,10,9,7,7
953,8,10,10,10,7,10,10,10,8,10,8,7
970,8,7,7,7,7,7,11,8,13,13,13,7
542,9,9,7,9,7,7,9,9,9,9,7,7
758,9,7,7,7,7,7,7,7,7,7,7,7
628,10,7,9,7,9,15,9,15,15,15,15,7
372,11,7,10,10,10,10,7,10,10,10,10,7
431,12,14,15,16,15,16,20,15,7,13,9,7
552,12,15,9,10,8,7,10,16,15,11,9,7
58,18,11,11,11,11,11,11,11,7,9,7,7
52,1,8,8,8,9,9,8,8,8,10,10,8
64,1,8,9,9,9,9,8,8,8,8,9,8
177,1,8,8,8,8,8,8,8,8,8,8,8
351,1,24,24,8,8,8,8,8,8,8,8,8
428,1,9,9,9,9,8,9,8,8,8,9,8
442,1,8,8,8,8,8,8,8,8,8,8,8
459,1,8,8,9,8,9,9,8,11,9,11,8
608,1,9,9,9,8,9,9,9,9,9,9,8
611,1,8,11,11,8,11,11,11,8,11,8,8
735,1,9,9,9,9,8,9,8,9,9,9,8
821,1,18,8,8,9,9,8,8,8,8,8,8
907,1,9,9,9,9,9,9,9,9,9,8,8
921,1,11,8,12,12,12,12,9,9,12,12,8
56,2,29,31,8,8,8,8,8,8,8,8,8
273,2,16,16,16,8,16,16,16,16,16,8,8
284,2,9,8,9,8,10,10,9,9,9,8,8
374,2,8,8,8,8,9,8,8,9,8,8,8
427,2,9,9,13,9,13,9,9,8,10,12,8
466,2,8,8,8,8,8,8,8,8,8,8,8
537,2,8,8,8,8,8,8,10,8,10,10,8
886,2,11,10,12,9,9,8,9,9,9,9,8
1040,2,8,8,8,8,8,8,8,9,8,11,8
217,3,8,8,8,8,8,8,8,8,8,8,8
312,3,20,8,8,8,8,17,17,14,14,17,8
347,3,8,9,9,8,9,8,9,9,9,9,8
730,3,8,8,8,8,8,8,8,8,8,8,8
870,3,8,12,8,8,9,12,12,12,12,12,8
894,3,13,14,14,14,14,14,8,9,9,9,8
381,4,8,8,9,8,9,15,14,15,11,14,8
622,4,8,8,8,8,8,8,8,8,8,9,8
766,4,10,9,10,10,9,9,9,8,10,9,8
229,5,8,9,9,10,8,9,9,9,11,9,8
615,5,9,9,9,9,9,9,8,8,8,8,8
806,5,8,8,8,8,8,8,8,8,8,8,8
822,5,8,8,8,8,8,8,8,8,8,8,8
851,5,10,8,11,11,8,8,13,11,11,13,8
919,5,8,8,8,8,8,9,9,8,8,8,8
124,6,11,11,11,11,8,14,14,11,11,14,8
429,6,15,8,11,8,8,8,8,8,11,12,8
858,6,10,10,10,10,8,10,10,10,10,9,8
976,6,8,8,8,13,13,13,11,16,16,16,8
986,6,9,10,9,9,9,9,9,9,8,9,8
208,7,8,8,8,8,8,8,8,8,8,8,8
255,7,10,10,10,10,8,9,8,8,9,9,8
616,7,8,9,11,11,11,11,11,17,17,18,8
745,7,8,8,8,8,8,8,8,8,8,8,8
24,8,8,8,8,8,10,8,8,9,10,14,8
455,8,11,8,12,9,12,12,11,14,12,9,8
617,8,9,9,9,9,9,9,9,9,9,8,8
621,8,8,15,8,8,17,8,8,8,13,8,8
54,10,11,11,11,11,8,11,11,11,11,13,8
232,13,9,9,9,8,9,9,9,9,9,11,8
512,14,8,8,8,8,8,8,8,8,8,8,8
219,15,21,20,21,9,10,8,9,9,10,9,8
518,25,10,10,9,8,16,16,10,22,16,16,8
125,1,21,9,9,10,10,10,10,10,10,10,9
200,1,11,11,11,11,10,10,9,9,9,9,9
272,1,14,14,12,12,12,12,9,9,9,9,9
601,1,9,9,9,9,9,9,9,9,9,11,9
280,2,10,10,10,10,12,10,9,9,9,10,9
380,2,9,10,10,9,10,9,10,10,9,9,9
471,2,9,9,9,9,9,9,9,9,9,9,9
687,2,9,9,9,9,9,9,9,9,9,9,9
801,2,9,9,9,9,9,9,9,9,9,9,9
845,2,9,9,9,9,9,9,9,9,9,9,9
920,2,11,11,11,11,11,11,11,11,9,11,9
982,2,9,9,9,9,9,9,9,9,9,9,9
370,3,9,9,10,10,10,10,10,10,10,9,9
406,3,9,10,10,10,10,10,10,10,10,10,9
749,3,9,9,9,9,9,9,11,11,9,9,9
826,3,9,9,9,9,9,9,9,9,9,9,9
839,3,9,10,10,10,10,10,10,10,10,11,9
933,3,11,11,11,11,11,11,11,10,11,9,9
548,4,9,9,9,9,9,9,9,9,10,10,9
708,5,10,9,9,9,10,9,11,10,11,10,9
763,5,9,9,9,9,9,9,9,9,9,9,9
803,5,9,9,9,9,9,12,9,9,9,12,9
963,5,9,9,9,9,9,9,9,9,9,9,9
21,6,9,9,9,9,9,9,9,9,11,11,9
40,6,9,9,9,9,10,10,10,9,9,9,9
345,6,12,12,12,12,12,12,12,12,9,9,9
1039,6,13,13,13,13,13,13,13,13,9,13,9
321,7,9,9,9,9,9,9,9,9,9,9,9
340,7,10,9,10,10,10,9,9,9,10,10,9
359,7,9,9,9,9,9,9,9,9,9,9,9
903,7,9,10,9,10,9,11,9,10,9,10,9
937,7,14,9,14,9,9,11,14,14,9,14,9
49,8,9,9,9,9,9,9,9,9,9,9,9
222,8,10,10,10,10,9,10,9,10,9,10,9
311,8,9,10,10,10,10,11,11,10,10,10,9
448,8,11,9,11,9,11,11,11,11,11,10,9
451,9,12,16,11,9,13,13,14,14,14,14,9
699,9,10,10,10,10,10,10,9,10,10,10,9
890,9,11,11,11,11,11,11,9,9,13,11,9
505,10,14,14,12,14,14,14,12,16,12,9,9
635,10,9,9,9,9,9,9,9,9,9,9,9
932,11,10,10,10,9,9,11,11,12,10,13,9
734,32,9,9,32,37,32,32,32,37,23,20,9
526,1,16,15,15,14,16,15,11,11,15,10,10
686,1,10,10,10,10,10,10,10,10,10,13,10
754,1,23,10,10,26,13,24,23,10,11,13,10
797,1,10,10,10,10,10,10,10,10,10,10,10
241,2,11,12,11,11,11,11,11,11,11,10,10
303,2,11,11,10,11,11,10,13,13,13,13,10
62,3,10,10,10,10,10,10,10,10,10,10,10
101,3,10,10,10,10,10,10,10,10,10,10,10
360,3,10,10,10,10,10,10,10,10,10,10,10
366,3,16,10,10,10,10,10,10,10,11,11,10
532,3,18,18,10,10,10,12,10,10,12,12,10
716,3,10,10,10,10,10,10,10,10,10,10,10
750,3,10,10,10,10,10,10,10,10,10,10,10
28,4,10,10,10,10,10,10,10,10,10,10,10
74,4,10,10,10,10,10,10,10,10,10,10,10
654,4,10,10,10,10,10,10,10,10,10,10,10
771,4,10,10,10,10,10,10,10,10,10,10,10
183,5,13,13,10,10,13,13,13,13,13,13,10
495,5,10,10,10,11,10,10,12,10,10,10,10
1043,5,10,10,10,10,10,10,10,10,10,10,10
4,6,10,12,12,10,10,10,12,10,10,10,10
130,6,10,10,10,10,10,10,10,10,10,10,10
733,6,10,10,11,10,10,10,10,10,11,11,10
9,7,10,10,10,10,10,10,10,10,14,14,10
430,7,15,15,15,11,15,15,15,10,15,11,10
382,8,10,10,10,10,10,10,10,10,10,10,10
913,8,10,10,10,10,10,10,10,10,10,11,10
12,9,10,10,10,10,10,10,10,10,11,10,10
147,9,10,10,10,10,10,18,18,18,18,18,10
449,9,10,10,10,10,10,10,10,10,10,10,10
464,9,10,10,10,10,10,10,10,10,10,10,10
475,9,10,10,10,10,10,10,11,10,11,11,10
509,9,13,14,13,13,10,13,13,13,14,14,10
744,9,13,13,10,15,18,14,10,14,14,14,10
117,10,10,11,10,10,11,10,13,14,17,17,10
800,10,14,14,14,15,14,10,14,15,14,14,10
962,11,13,13,13,13,12,11,10,12,13,13,10
984,11,11,12,12,12,12,13,10,16,16,15,10
65,12,10,10,10,10,10,10,26,26,25,26,10
120,12,10,10,11,11,11,11,10,11,11,10,10
38,13,10,11,19,19,17,18,16,16,24,23,10
977,13,13,13,13,13,10,13,15,14,13,19,10
1004,16,10,11,11,11,11,11,11,11,11,11,10
916,1,11,14,13,29,13,13,13,13,13,14,11
961,1,11,12,12,12,13,14,12,12,12,12,11
95,2,14,14,14,14,14,12,12,13,13,11,11
282,2,11,11,13,13,13,13,13,13,15,15,11
465,2,11,11,11,11,11,11,11,11,11,11,11
472,2,15,12,12,12,12,12,12,11,12,12,11
691,4,11,11,11,11,11,11,11,11,11,11,11
697,4,12,14,11,13,13,13,13,12,14,12,11
296,5,11,12,13,12,12,13,12,12,13,12,11
781,5,11,11,11,11,11,11,11,11,11,11,11
818,5,12,12,13,12,11,11,11,12,11,11,11
943,5,11,11,12,12,11,11,12,12,12,12,11
75,6,11,11,11,11,11,11,11,13,13,21,11
493,6,11,11,11,11,11,11,11,11,11,11,11
270,7,11,11,11,11,11,11,11,11,11,11,11
373,9,12,12,12,12,12,12,12,12,11,12,11
419,9,12,12,12,12,11,12,12,12,12,11,11
1026,9,11,11,11,11,11,11,11,11,11,13,11
426,10,11,11,13,11,11,13,11,11,11,11,11
365,11,11,12,12,12,11,12,12,12,12,14,11
782,15,11,11,11,11,18,23,23,23,23,23,11
474,16,11,11,12,11,11,11,11,11,12,17,11
314,17,35,35,23,11,23,24,11,12,24,24,11
1054,17,11,11,11,11,11,11,18,18,18,18,11
227,1,16,16,12,12,15,15,15,17,15,15,12
392,1,12,12,12,12,12,12,12,12,12,12,12
565,1,12,12,12,12,12,12,12,12,12,12,12
677,1,12,12,12,12,12,12,12,12,12,12,12
946,1,14,14,14,12,12,13,12,13,12,12,12
1041,1,13,13,13,13,13,14,12,13,14,12,12
377,2,21,14,14,14,14,14,18,14,12,23,12
585,3,13,13,13,13,13,12,12,12,12,12,12
759,3,13,13,12,13,12,12,13,12,12,12,12
173,4,13,13,12,13,13,13,13,13,19,24,12
146,6,14,14,13,13,12,12,12,12,12,12,12
263,6,13,13,12,12,13,13,12,13,12,12,12
265,6,12,12,12,12,12,12,12,12,18,19,12
446,7,12,15,12,12,12,12,12,12,15,12,12
655,7,12,12,12,12,12,12,12,12,12,12,12
411,8,12,12,12,14,14,16,14,16,16,16,12
672,8,15,13,15,15,12,15,13,15,14,15,12
313,9,12,12,12,12,12,12,14,12,20,26,12
506,9,23,14,23,21,21,14,14,12,14,15,12
533,9,16,16,16,12,16,16,12,12,16,16,12
1007,9,12,12,12,12,12,12,12,12,12,12,12
14,10,13,14,13,12,13,14,14,13,12,13,12
660,11,12,13,15,13,13,16,13,13,16,12,12
840,11,12,12,12,12,12,12,12,12,12,12,12
274,12,12,13,13,13,13,13,13,13,14,13,12
384,12,12,12,12,12,12,12,12,12,12,12,12
593,12,12,12,13,13,12,13,13,13,13,13,12
957,14,12,12,12,12,12,12,12,12,12,12,12
34,20,23,12,19,19,19,19,13,19,19,19,12
43,1,13,13,13,13,13,13,13,13,13,13,13
103,1,13,13,13,13,13,13,13,13,13,13,13
330,1,14,13,15,14,15,14,14,16,14,15,13
644,2,13,13,13,13,13,13,13,13,13,13,13
22,3,14,14,15,14,15,13,14,14,14,19,13
600,3,13,13,13,14,14,13,13,14,13,13,13
539,4,13,13,14,14,13,14,14,14,13,13,13
119,5,15,15,15,15,13,13,16,19,16,19,13
557,5,13,14,13,13,13,16,17,17,13,13,13
798,5,15,15,13,13,15,15,21,21,21,20,13
1057,5,13,13,13,13,13,13,13,13,13,13,13
45,6,14,14,13,13,14,14,14,13,14,14,13
83,6,15,14,15,14,15,15,15,13,20,19,13
131,6,13,13,13,19,19,20,19,20,21,20,13
226,7,16,16,16,16,16,16,16,16,16,13,13
207,8,13,13,13,14,14,14,14,14,14,17,13
71,9,13,13,13,13,13,13,13,13,13,13,13
77,9,14,14,14,14,14,14,14,14,14,13,13
998,9,13,13,13,13,13,13,13,13,13,13,13
951,10,16,16,16,16,16,16,16,16,13,13,13
441,12,13,15,15,13,13,13,15,13,15,13,13
558,14,14,15,13,14,14,15,15,13,13,15,13
190,17,18,18,18,18,18,18,18,18,18,13,13
519,2,16,14,15,16,15,15,14,16,16,14,14
695,2,26,29,26,26,26,25,26,26,26,14,14
6,3,14,14,14,14,14,14,14,14,14,14,14
262,4,14,14,14,14,14,14,14,14,14,14,14
371,4,14,17,14,15,17,20,20,20,20,17,14
394,5,15,15,15,15,15,14,15,14,15,14,14
329,6,14,14,14,14,14,14,14,14,14,14,14
385,6,14,14,14,14,14,14,14,14,14,14,14
534,6,14,14,14,16,16,16,16,16,14,16,14
1018,6,14,14,14,14,14,14,14,14,14,19,14
157,7,14,14,14,14,14,14,14,14,14,14,14
895,7,14,16,16,16,16,16,16,16,17,17,14
19,8,14,14,14,14,14,14,14,14,14,14,14
79,8,14,14,18,18,15,14,15,18,18,14,14
397,8,14,14,14,14,15,15,15,15,15,15,14
11,9,14,14,14,14,14,14,14,14,14,14,14
104,10,16,16,16,16,16,16,16,14,17,16,14
773,10,16,15,16,15,15,14,14,14,14,14,14
900,10,14,14,14,14,14,18,14,18,14,18,14
172,11,15,15,15,16,14,15,14,14,15,15,14
462,12,14,14,14,14,14,14,14,14,14,14,14
47,13,14,14,14,14,14,14,14,14,14,14,14
403,13,14,14,15,15,14,15,14,15,14,14,14
959,13,15,14,15,15,16,16,15,14,15,15,14
188,14,14,14,14,14,14,14,14,22,22,22,14
581,14,16,16,14,16,14,16,16,16,14,18,14
722,14,14,15,15,14,15,15,15,15,14,22,14
1036,17,14,14,14,14,14,14,14,14,14,14,14
63,1,15,15,16,16,16,16,16,17,17,20,15
118,1,29,29,29,15,26,26,26,26,26,26,15
356,1,15,15,19,19,19,19,21,21,21,21,15
420,2,34,34,34,34,34,34,15,15,15,15,15
80,3,20,20,20,17,16,16,15,16,16,16,15
746,4,20,20,20,20,20,20,20,20,15,15,15
223,5,16,16,16,16,15,16,16,16,16,16,15
629,5,17,17,18,18,18,15,19,18,19,19,15
26,6,15,15,15,15,15,15,15,15,15,15,15
50,8,15,15,15,15,16,15,15,16,16,15,15
488,8,15,15,15,15,15,15,15,15,15,15,15
859,9,17,17,16,16,15,15,18,18,19,21,15
109,10,15,15,15,15,15,15,15,15,15,15,15
424,10,15,15,15,15,15,15,15,15,15,15,15
289,11,15,15,15,15,15,15,15,15,15,15,15
811,11,17,17,16,16,17,17,17,17,15,15,15
999,11,15,15,15,15,15,15,15,15,15,15,15
996,12,18,18,15,15,18,15,17,15,17,16,15
662,13,15,15,15,15,15,15,15,15,15,15,15
434,14,15,15,15,15,15,15,15,15,15,15,15
481,15,16,15,15,16,16,15,16,16,16,15,15
584,15,15,15,15,15,15,15,15,15,15,15,15
604,15,15,19,19,19,21,21,21,27,21,21,15
804,15,16,15,16,16,16,16,16,15,16,15,15
570,20,15,21,15,15,15,15,15,21,15,15,15
1010,27,15,15,15,15,15,15,15,17,20,20,15
7,1,16,16,16,16,16,16,16,16,21,16,16
324,1,19,19,19,19,16,17,17,18,16,17,16
355,1,26,22,20,21,21,21,22,22,22,16,16
82,2,16,16,26,27,26,25,27,27,27,27,16
816,2,16,16,16,16,16,16,16,16,17,17,16
333,3,16,17,17,17,17,17,18,17,17,17,16
969,3,21,21,16,21,16,16,16,16,16,16,16
918,4,17,17,17,16,17,17,16,17,17,16,16
842,6,16,16,16,16,16,16,16,16,16,16,16
389,8,24,16,16,16,16,16,16,16,16,16,16
555,10,16,16,16,16,16,16,16,16,16,16,16
195,11,16,19,19,20,18,18,20,19,18,19,16
108,15,16,16,16,21,21,21,21,21,21,21,16
525,15,16,16,16,16,16,16,16,19,19,22,16
849,15,16,16,16,16,16,16,16,16,16,16,16
769,18,19,19,16,19,16,16,19,16,19,19,16
1016,21,16,16,16,16,16,23,23,23,23,23,16
175,1,17,17,17,18,20,18,20,21,21,22,17
68,3,19,19,17,17,17,19,17,17,17,17,17
544,3,26,18,17,17,18,18,18,18,18,18,17
566,3,17,17,17,17,17,17,17,17,17,17,17
899,3,17,17,17,18,18,18,18,20,20,20,17
551,4,21,21,21,21,21,21,21,21,17,17,17
956,4,19,17,19,18,19,19,19,19,23,23,17
100,5,19,19,19,19,17,19,19,17,17,17,17
199,5,17,17,17,17,17,17,17,17,17,17,17
337,6,17,18,18,17,18,18,18,18,18,18,17
790,7,17,17,17,17,17,17,17,17,17,17,17
327,8,17,17,17,17,17,17,17,17,17,17,17
391,9,18,18,18,18,18,18,18,18,17,17,17
586,10,19,19,19,19,19,19,19,17,17,17,17
42,11,18,17,18,26,17,26,27,21,26,20,17
906,12,30,17,25,27,31,17,17,17,17,20,17
516,13,17,17,17,17,17,17,17,17,17,17,17
688,14,17,17,17,17,18,17,17,17,17,17,17
233,15,17,17,17,17,17,17,17,17,17,17,17
682,15,17,22,22,22,22,22,22,22,22,22,17
564,16,18,18,18,19,18,18,17,19,17,18,17
114,17,20,20,20,17,20,20,20,20,20,20,17
607,18,19,21,19,19,20,17,21,21,22,19,17
438,1,18,18,18,18,18,18,18,18,18,18,18
135,3,21,21,20,21,18,20,18,18,20,19,18
580,3,31,31,31,31,31,21,21,20,18,20,18
631,3,18,20,20,20,25,30,30,30,29,30,18
856,5,21,21,18,18,18,18,19,19,19,19,18
15,7,20,20,20,20,20,20,20,20,18,18,18
388,7,18,18,18,18,18,18,18,18,18,18,18
543,7,21,21,21,21,19,19,18,20,22,20,18
240,10,22,22,21,19,21,18,18,19,18,21,18
299,12,18,18,18,18,20,20,20,20,22,22,18
610,18,19,19,18,19,19,19,19,19,19,19,18
271,19,18,19,18,19,18,18,19,19,18,19,18
576,24,18,18,18,18,25,25,25,25,25,25,18
757,24,18,18,18,18,18,18,18,18,18,18,18
468,2,24,24,24,23,22,22,22,22,22,19,19
181,3,19,19,19,19,19,19,19,19,19,19,19
325,8,19,19,19,19,19,19,19,19,19,19,19
115,10,21,21,19,19,19,19,19,19,19,19,19
540,10,21,24,24,24,24,24,24,19,19,19,19
952,10,22,22,22,22,22,22,19,19,19,19,19
127,13,22,22,22,22,22,22,22,22,19,20,19
243,14,19,19,20,20,20,19,19,19,19,20,19
765,14,19,19,25,20,19,25,25,22,21,23,19
205,15,19,19,19,19,19,19,19,19,19,19,19
20,16,19,19,19,19,19,19,19,19,19,19,19
531,17,20,19,20,20,20,19,20,20,20,20,19
410,18,19,19,19,19,19,19,20,19,19,20,19
550,18,19,19,19,19,19,19,19,19,28,29,19
992,19,19,20,29,20,20,29,20,20,20,30,19
1019,19,19,19,19,22,22,22,19,22,22,22,19
1017,22,19,19,19,19,19,19,19,23,23,23,19
827,1,20,20,20,20,20,20,20,20,20,20,20
97,2,20,20,20,20,20,22,20,20,20,20,20
860,2,21,21,21,20,20,23,23,23,24,24,20
88,5,21,21,21,21,21,21,21,21,20,21,20
81,7,21,22,21,22,20,20,22,22,22,21,20
973,14,22,20,21,20,20,31,20,31,31,28,20
279,18,20,20,20,20,20,20,20,20,20,20,20
286,19,20,20,20,20,20,20,21,21,20,20,20
206,1,21,25,25,26,23,22,27,28,27,26,21
912,1,29,30,28,29,27,27,27,26,27,21,21
415,2,26,26,21,21,21,22,21,21,21,21,21
753,2,34,34,28,34,34,34,30,28,31,21,21
590,4,21,21,21,21,21,21,23,23,23,23,21
254,5,22,23,23,21,21,22,21,22,21,22,21
13,6,21,27,27,27,27,27,27,27,27,27,21
87,7,27,25,21,26,25,25,25,25,25,25,21
252,8,21,21,21,21,21,21,21,21,21,21,21
390,12,21,21,22,21,22,21,22,22,21,22,21
86,20,21,21,21,21,21,21,21,21,21,21,21
513,22,22,22,22,21,21,25,25,22,22,25,21
163,23,21,21,21,21,21,21,21,21,21,21,21
57,26,24,29,26,21,29,26,29,26,29,29,21
545,42,21,51,51,52,56,56,54,56,56,57,21
863,5,24,23,25,24,25,22,24,22,22,24,22
165,14,23,22,22,22,22,22,22,22,22,22,22
342,14,26,26,26,26,26,26,26,22,22,22,22
634,20,22,22,22,22,22,22,22,22,22,22,22
536,1,26,24,24,24,24,24,25,25,23,24,23
485,2,24,24,24,24,25,23,23,23,23,23,23
673,5,26,26,26,26,25,25,24,24,23,24,23
491,9,23,23,23,23,23,23,23,23,23,23,23
192,15,23,23,23,23,23,26,27,26,27,26,23
572,18,24,24,23,23,24,23,23,23,24,24,23
2,19,23,23,28,28,28,28,28,28,28,28,23
502,21,23,23,23,23,23,23,23,23,23,23,23
696,27,23,23,23,23,23,30,30,25,30,30,23
837,30,28,28,28,28,28,28,28,28,23,31,23
497,15,24,24,24,25,25,25,26,26,30,30,24
689,21,24,24,24,24,24,24,24,24,24,25,24
470,7,31,31,25,31,31,31,31,25,33,35,25
577,19,26,25,26,31,32,27,28,26,27,27,25
123,24,27,28,27,27,32,28,28,25,32,33,25
432,25,25,25,25,25,25,25,25,25,25,25,25
829,25,25,26,26,26,26,27,25,26,26,26,25
633,12,26,26,26,26,26,26,26,26,26,26,26
489,16,26,26,26,26,26,26,26,26,26,26,26
358,28,26,26,26,26,26,27,26,27,27,27,26
141,1,27,27,27,27,27,27,27,27,27,27,27
0,7,27,27,27,27,27,27,27,27,27,27,27
664,27,27,30,30,27,30,30,30,42,42,42,27
17,4,29,31,31,32,32,30,28,29,32,32,28
184,4,30,28,28,28,28,28,28,28,28,28,28
285,5,28,28,28,28,29,29,29,29,29,30,28
1030,23,28,28,28,28,28,28,28,28,28,28,28
353,1,38,38,38,38,37,37,37,38,35,29,29
567,26,35,36,29,36,35,29,35,35,39,38,29
316,27,29,29,29,29,29,29,29,29,29,29,29
971,27,29,29,29,29,29,29,29,29,29,29,29
354,39,29,29,29,29,29,29,30,30,30,30,29
160,23,31,31,31,31,31,33,40,40,40,40,31
1015,28,32,32,32,32,32,32,31,32,32,32,31
609,27,32,32,32,32,32,32,32,32,32,32,32
700,27,34,35,34,34,34,33,34,33,33,33,33
106,31,33,33,33,33,33,33,33,37,37,37,33
479,10,34,34,35,34,34,34,34,34,34,34,34
922,25,46,46,50,51,73,73,74,74,72,72,46
909,1,74,74,74,74,74,74,74,74,74,74,74
978,34,95,95,95,95,95,95,95,95,95,95,95
