0,2,6,6,6
1,1,3,3,3
2,1,1,7,1
3,3,3,3,3
4,2,2,3,2
5,2,3,4,3
6,5,5,7,5
7,2,4,6,4
8,7,7,8,7
9,2,1,2,1
10,7,7,8,7
11,1,4,4,4
12,2,1,1,1
13,2,0,1,0
14,3,5,5,5
15,2,2,3,2
16,2,4,6,4
17,1,1,1,1
18,1,1,1,1
19,2,4,6,4
20,5,5,9,5
21,5,10,5,5
22,6,5,5,5
23,6,5,5,5
24,1,5,5,5
25,2,2,2,2
26,2,4,5,4
27,1,1,1,1
28,1,3,3,3
29,1,1,3,1
30,1,1,6,1
31,1,1,6,1
32,1,2,3,2
33,2,2,2,2
34,1,5,3,3
35,1,2,2,2
36,1,5,3,3
37,1,1,1,1
38,1,3,2,2
39,1,4,4,4
40,3,7,5,5
41,3,6,6,6
42,5,9,9,9
43,3,7,8,7
44,3,5,5,5
45,3,7,8,7
46,3,7,7,7
47,3,7,5,5
48,3,7,5,5
49,2,0,1,0
50,2,3,2,2
51,2,3,2,2
52,5,5,5,5
53,2,5,4,4
54,2,5,4,4
55,3,4,4,4
56,3,4,4,4
57,3,4,8,4
58,3,4,4,4
59,3,4,4,4
60,3,4,4,4
61,3,4,8,4
62,3,4,8,4
63,3,4,9,4
64,3,4,9,4
65,3,4,9,4
66,3,4,9,4
67,3,4,9,4
68,3,4,9,4
69,3,4,9,4
70,3,4,9,4
71,3,4,9,4
72,3,4,9,4
73,3,4,9,4
74,3,4,9,4
75,3,2,2,2
76,1,1,1,1
77,2,2,2,2
78,2,0,4,0
79,3,6,6,6
80,2,2,4,2
81,2,2,2,2
82,2,2,4,2
83,2,2,4,2
84,2,3,4,3
85,2,2,3,2
86,3,9,9,9
87,2,2,0,0
88,3,5,5,5
89,1,13,13,13
90,1,3,3,3
91,4,3,4,3
92,4,4,4,4
93,2,2,0,0
94,4,4,7,4
95,5,7,7,7
96,5,7,4,4
97,5,7,7,7
98,5,7,4,4
99,1,4,4,4
100,8,8,8,8
101,1,2,2,2
102,1,1,1,1
103,1,7,7,7
104,1,7,7,7
105,1,9,9,9
106,1,2,2,2
107,1,6,6,6
108,2,6,5,5
109,1,6,6,6
110,1,7,7,7
111,3,6,6,6
112,2,2,3,2
113,3,4,4,4
114,5,5,5,5
115,1,12,12,12
116,3,11,12,11
117,3,7,7,7
118,1,3,2,2
119,1,4,4,4
120,4,4,4,4
121,4,4,4,4
122,7,4,4,4
123,7,8,10,8
124,2,7,7,7
125,1,2,6,2
126,1,2,6,2
127,1,3,3,3
128,1,3,3,3
129,1,3,2,2
130,3,9,7,7
131,10,10,10,10
132,5,6,6,6
133,1,1,1,1
134,5,7,7,7
135,5,7,7,7
136,5,7,7,7
137,5,7,7,7
138,1,2,6,2
139,2,7,7,7
140,2,8,8,8
141,1,4,4,4
142,1,4,4,4
143,1,11,11,11
144,2,1,1,1
145,2,2,2,2
146,2,2,2,2
147,1,3,3,3
148,1,4,4,4
149,1,3,3,3
150,1,3,4,3
151,1,2,13,2
152,1,2,5,2
153,1,12,5,5
154,2,2,3,2
155,2,2,3,2
156,2,2,2,2
157,2,3,3,3
158,2,2,2,2
159,2,3,3,3
160,1,9,9,9
161,3,2,3,2
162,3,7,7,7
163,3,7,7,7
164,2,3,3,3
165,1,4,4,4
166,3,0,3,0
167,1,1,1,1
168,1,3,6,3
169,3,0,3,0
170,1,1,1,1
171,1,3,1,1
172,5,7,10,7
173,1,2,4,2
174,3,2,7,2
175,3,9,4,4
176,2,5,5,5
177,2,3,3,3
178,2,5,5,5
179,2,3,3,3
180,3,5,5,5
181,3,5,5,5
182,3,9,4,4
183,2,5,5,5
184,2,5,5,5
185,5,8,8,8
186,4,1,1,1
187,4,5,5,5
188,2,1,1,1
189,3,4,0,0
190,4,1,1,1
191,3,5,5,5
192,3,4,0,0
193,2,1,1,1
194,2,0,10,0
195,2,0,4,0
196,2,0,4,0
197,4,1,1,1
198,2,1,1,1
199,2,0,10,0
200,2,3,3,3
201,2,1,1,1
202,3,1,1,1
203,2,1,1,1
204,2,4,6,4
205,2,4,4,4
206,2,4,4,4
207,1,3,3,3
208,3,6,6,6
209,3,6,6,6
210,1,2,2,2
211,1,2,2,2
212,1,3,4,3
213,1,4,4,4
214,1,1,2,1
215,6,8,8,8
216,6,8,8,8
217,6,8,8,8
218,6,8,8,8
219,6,7,7,7
220,6,8,8,8
221,6,8,8,8
222,1,4,4,4
223,1,4,4,4
224,1,4,4,4
225,1,1,3,1
226,1,4,4,4
227,3,3,3,3
228,3,3,3,3
229,3,3,3,3
230,1,3,3,3
231,1,3,3,3
232,1,3,3,3
233,1,3,3,3
234,1,2,2,2
235,1,7,7,7
236,1,3,3,3
237,1,3,3,3
238,1,7,7,7
239,1,3,3,3
240,1,3,3,3
241,1,3,3,3
242,1,2,2,2
243,1,3,3,3
244,1,3,3,3
245,1,3,3,3
246,1,3,3,3
247,1,2,2,2
248,2,3,3,3
249,1,1,1,1
250,1,3,3,3
251,2,7,4,4
252,1,6,6,6
253,11,13,15,13
254,11,13,15,13
255,1,13,13,13
256,1,1,1,1
257,1,1,2,1
258,1,1,2,1
259,1,1,2,1
260,1,1,1,1
261,1,1,1,1
262,1,1,1,1
263,1,1,1,1
264,1,1,1,1
265,1,1,1,1
266,1,1,1,1
267,1,1,1,1
268,1,1,1,1
269,1,1,1,1
270,1,1,1,1
271,1,1,1,1
272,1,1,1,1
273,1,1,1,1
274,1,1,1,1
275,1,1,2,1
276,1,1,2,1
277,1,0,1,0
278,1,0,1,0
279,1,2,1,1
280,1,2,1,1
281,1,2,1,1
282,1,1,2,1
283,1,1,2,1
284,1,1,2,1
285,1,3,3,3
286,1,3,3,3
287,1,3,3,3
288,1,3,3,3
289,4,6,5,5
290,1,3,3,3
291,1,2,1,1
292,1,0,1,0
293,7,8,8,8
294,1,1,1,1
295,1,2,2,2
296,1,3,3,3
297,3,3,9,3
298,1,3,3,3
299,1,2,2,2
300,3,3,9,3
301,1,3,3,3
302,1,3,3,3
303,6,12,10,10
304,2,7,7,7
305,1,2,2,2
306,1,3,3,3
307,1,5,6,5
308,6,6,8,6
309,1,2,1,1
310,6,6,8,6
311,7,8,8,8
312,1,2,1,1
313,1,3,5,3
314,2,2,2,2
315,1,1,2,1
316,1,1,3,1
317,1,0,1,0
318,1,0,2,0
319,1,0,2,0
320,1,4,3,3
321,2,6,4,4
322,4,6,6,6
323,1,4,2,2
324,2,3,3,3
325,2,3,3,3
326,1,1,3,1
327,1,1,1,1
328,1,1,1,1
329,1,3,3,3
330,1,1,0,0
331,1,4,2,2
332,1,1,3,1
333,1,1,0,0
334,1,4,2,2
335,3,7,7,7
336,1,1,1,1
337,1,4,4,4
338,1,5,5,5
339,1,4,4,4
340,1,4,4,4
341,1,3,3,3
342,1,4,4,4
343,1,3,3,3
344,1,3,3,3
345,1,3,3,3
346,1,3,3,3
347,1,3,3,3
348,1,3,3,3
349,1,3,3,3
350,1,3,3,3
351,1,3,3,3
352,1,4,3,3
353,1,4,4,4
354,1,4,4,4
355,1,3,3,3
356,1,3,4,3
357,1,5,5,5
358,1,2,2,2
359,3,4,4,4
360,3,4,4,4
361,4,5,5,5
362,1,5,8,5
363,1,7,7,7
364,1,3,3,3
365,1,7,7,7
366,1,3,3,3
367,1,3,3,3
368,1,3,3,3
369,1,3,3,3
370,1,3,3,3
371,1,3,3,3
372,1,6,8,6
373,1,7,7,7
374,1,8,7,7
375,1,8,7,7
376,1,5,5,5
377,1,8,8,8
378,1,8,8,8
379,1,8,8,8
380,1,8,8,8
381,1,8,8,8
382,1,7,7,7
383,1,6,6,6
384,1,7,7,7
385,1,7,7,7
386,1,8,8,8
387,1,8,8,8
388,1,8,8,8
389,1,8,8,8
390,1,8,8,8
391,1,7,7,7
392,1,6,6,6
393,1,7,7,7
394,1,7,7,7
395,2,9,9,9
396,2,5,5,5
397,1,4,4,4
398,1,5,5,5
399,1,4,4,4
400,2,8,8,8
401,2,9,8,8
402,2,7,6,6
403,1,4,4,4
404,1,5,5,5
405,2,4,4,4
406,1,1,1,1
407,1,2,2,2
408,1,2,2,2
409,8,5,9,5
410,8,5,9,5
411,1,6,6,6
412,1,5,5,5
413,1,8,10,8
414,1,6,5,5
415,1,2,2,2
416,1,2,2,2
417,1,2,2,2
418,1,1,1,1
419,1,1,1,1
420,1,1,1,1
421,1,4,4,4
422,1,11,5,5
423,1,1,1,1
424,1,6,4,4
425,1,11,5,5
426,1,3,3,3
427,1,6,4,4
428,1,4,4,4
429,1,3,3,3
430,1,2,2,2
431,1,6,4,4
432,1,6,4,4
433,1,4,4,4
434,1,4,2,2
435,1,3,3,3
436,1,2,2,2
437,1,2,2,2
438,1,4,5,4
439,1,1,1,1
440,1,1,1,1
441,1,1,3,1
442,1,3,1,1
443,1,1,1,1
444,1,1,1,1
445,1,1,1,1
446,1,6,4,4
447,1,1,1,1
448,1,1,1,1
449,1,1,1,1
450,1,1,1,1
451,1,2,2,2
452,1,7,7,7
453,1,1,1,1
454,1,1,1,1
455,1,3,3,3
456,1,1,2,1
457,1,1,1,1
458,1,1,1,1
459,1,2,2,2
460,1,1,1,1
461,1,1,1,1
462,1,2,2,2
463,1,2,2,2
464,1,1,1,1
465,1,4,4,4
466,1,1,1,1
467,1,13,11,11
468,1,1,1,1
469,1,4,8,4
470,1,4,8,4
471,1,4,8,4
472,9,8,8,8
473,2,4,4,4
474,2,2,3,2
475,2,3,2,2
476,3,5,10,5
477,6,8,13,8
478,10,11,11,11
479,2,7,7,7
480,6,8,5,5
481,2,7,7,7
482,1,1,1,1
483,1,4,4,4
484,1,1,1,1
485,1,4,4,4
486,1,1,1,1
487,1,1,1,1
488,1,1,1,1
489,1,1,1,1
490,1,1,1,1
491,1,1,1,1
492,1,1,1,1
493,1,1,1,1
494,1,1,1,1
495,1,1,1,1
496,1,1,1,1
497,1,1,1,1
498,1,1,1,1
499,1,1,1,1
500,1,1,1,1
501,1,1,1,1
502,1,1,1,1
503,1,1,1,1
504,1,1,1,1
505,1,1,1,1
506,1,1,1,1
507,1,1,1,1
508,1,1,1,1
509,1,1,1,1
510,1,1,1,1
511,1,1,1,1
512,1,1,1,1
513,1,1,1,1
514,1,1,1,1
515,1,1,1,1
516,1,1,1,1
517,1,2,2,2
518,1,1,1,1
519,1,2,2,2
520,1,1,1,1
521,1,1,1,1
522,1,1,1,1
523,1,1,1,1
524,1,1,1,1
525,1,1,1,1
526,1,2,2,2
527,1,5,5,5
528,1,2,2,2
529,1,5,5,5
530,1,2,2,2
531,1,5,5,5
532,1,2,2,2
533,1,5,4,4
534,1,1,1,1
535,1,1,1,1
536,1,1,1,1
537,1,1,1,1
538,1,1,1,1
539,1,2,2,2
540,1,1,1,1
541,1,1,1,1
542,1,1,1,1
543,1,1,1,1
544,1,1,1,1
545,1,2,2,2
546,1,5,5,5
547,1,2,2,2
548,1,5,5,5
549,1,1,1,1
550,1,5,5,5
551,1,1,1,1
552,1,2,3,2
553,1,2,3,2
554,1,3,3,3
555,1,3,3,3
556,1,1,1,1
557,1,1,1,1
558,1,1,1,1
559,1,1,1,1
560,1,4,3,3
561,1,1,1,1
562,1,4,4,4
563,1,1,1,1
564,1,1,1,1
565,5,7,7,7
566,5,7,7,7
567,3,6,6,6
568,1,6,6,6
569,6,10,10,10
570,1,1,2,1
571,6,9,9,9
572,2,5,5,5
573,3,5,5,5
574,3,1,1,1
575,3,1,1,1
576,5,10,10,10
577,1,4,4,4
578,1,2,2,2
579,3,6,6,6
580,1,2,2,2
581,3,7,7,7
582,1,2,2,2
583,3,3,5,3
584,1,2,2,2
585,3,10,10,10
586,4,2,0,0
587,4,6,6,6
588,4,6,6,6
589,2,5,6,5
590,2,5,5,5
591,2,5,5,5
592,1,2,1,1
593,1,1,1,1
594,1,1,1,1
595,1,1,1,1
596,1,2,2,2
597,1,1,1,1
598,1,1,1,1
599,1,1,1,1
600,1,2,2,2
601,1,1,1,1
602,1,1,1,1
603,1,2,2,2
604,1,5,5,5
605,5,7,11,7
606,1,3,3,3
607,4,6,6,6
608,3,2,2,2
609,3,2,2,2
610,3,9,10,9
611,3,9,10,9
612,4,8,4,4
613,14,14,15,14
614,5,7,7,7
615,5,7,7,7
616,2,2,5,2
617,6,6,6,6
618,1,3,3,3
619,7,7,7,7
620,7,7,7,7
621,7,7,7,7
622,1,3,3,3
623,4,4,9,4
624,4,5,4,4
625,1,4,5,4
626,1,9,9,9
627,1,2,3,2
628,1,3,3,3
629,3,3,3,3
630,3,6,6,6
631,7,8,9,8
632,2,0,2,0
633,2,0,1,0
634,2,2,3,2
635,1,4,5,4
636,1,3,1,1
637,1,2,2,2
638,1,4,4,4
639,1,3,2,2
640,1,1,2,1
641,1,2,2,2
642,1,5,5,5
643,1,6,6,6
644,3,3,4,3
645,1,6,6,6
646,2,9,9,9
647,3,4,4,4
648,2,3,3,3
649,1,2,2,2
650,4,6,6,6
651,1,3,3,3
652,1,6,3,3
653,2,3,3,3
654,8,8,10,8
655,11,13,11,11
656,11,13,11,11
657,1,2,4,2
658,1,6,6,6
659,1,5,3,3
660,1,3,3,3
661,1,4,5,4
662,5,6,8,6
663,5,6,6,6
664,1,2,2,2
665,1,2,2,2
666,2,2,0,0
667,8,8,10,8
668,1,1,1,1
669,3,8,9,8
670,6,7,7,7
671,1,2,2,2
672,1,1,1,1
673,1,1,3,1
674,1,1,1,1
675,3,3,6,3
676,2,2,2,2
677,6,8,8,8
678,3,3,4,3
679,1,2,3,2
680,1,4,4,4
681,1,4,6,4
682,1,1,4,1
683,1,2,3,2
684,2,4,4,4
685,1,1,1,1
686,1,1,6,1
687,1,1,1,1
688,1,2,2,2
689,4,7,7,7
690,4,7,7,7
691,4,7,7,7
692,4,7,7,7
693,4,7,7,7
694,4,7,7,7
695,4,7,7,7
696,4,7,7,7
697,4,7,7,7
698,4,7,7,7
699,4,7,8,7
700,4,7,7,7
701,4,7,7,7
702,4,7,7,7
703,4,7,7,7
704,4,7,7,7
705,4,7,7,7
706,4,7,7,7
707,2,2,5,2
708,6,7,6,6
709,1,4,5,4
710,1,4,4,4
711,1,4,4,4
712,1,4,4,4
713,1,1,1,1
714,1,4,3,3
715,1,3,3,3
716,5,10,10,10
717,1,5,5,5
718,1,9,9,9
719,1,2,17,2
720,1,5,5,5
721,1,5,5,5
722,1,9,7,7
723,1,9,7,7
724,1,9,7,7
725,1,9,7,7
726,1,3,3,3
727,1,3,3,3
728,1,3,3,3
729,1,3,3,3
730,1,2,2,2
731,1,2,2,2
732,3,8,6,6
733,3,8,6,6
734,3,8,6,6
735,3,8,6,6
736,2,6,4,4
737,2,3,3,3
738,3,4,3,3
739,8,10,10,10
740,6,6,7,6
741,6,6,7,6
742,1,3,5,3
743,4,9,6,6
744,1,2,5,2
745,1,2,2,2
746,2,5,6,5
747,1,2,1,1
748,1,3,4,3
749,6,4,7,4
750,9,6,6,6
751,2,4,4,4
752,2,6,5,5
753,2,5,4,4
754,9,11,11,11
755,4,2,5,2
756,4,2,5,2
757,4,7,7,7
758,1,6,10,6
759,1,2,1,1
760,1,11,14,11
761,2,5,5,5
762,2,2,3,2
763,1,3,3,3
764,3,4,4,4
765,3,4,4,4
766,3,4,4,4
767,3,4,4,4
768,3,4,4,4
769,3,4,4,4
770,3,4,4,4
771,3,4,4,4
772,3,4,4,4
773,3,4,4,4
774,1,2,4,2
775,1,0,2,0
776,1,0,2,0
777,1,3,3,3
778,5,5,5,5
779,5,5,5,5
780,5,5,5,5
781,5,5,5,5
782,1,2,2,2
783,1,5,1,1
784,1,4,4,4
785,1,4,4,4
786,2,7,3,3
787,2,7,2,2
788,3,3,3,3
789,5,6,6,6
790,1,2,5,2
791,1,1,1,1
792,1,5,2,2
793,1,4,4,4
794,6,9,9,9
795,1,6,12,6
796,1,3,2,2
797,1,2,1,1
798,1,2,1,1
799,1,2,3,2
800,1,2,2,2
801,1,2,2,2
802,1,2,2,2
803,1,2,2,2
804,1,6,12,6
805,1,6,12,6
806,1,6,12,6
807,3,4,5,4
808,3,4,4,4
809,3,11,10,10
810,3,11,10,10
811,3,11,10,10
812,3,11,10,10
813,3,11,10,10
814,3,11,10,10
815,1,1,1,1
816,4,6,6,6
817,3,6,6,6
818,3,6,6,6
819,3,6,6,6
820,3,3,4,3
821,2,3,3,3
822,2,3,3,3
823,5,5,10,5
824,5,6,6,6
825,5,5,10,5
826,5,6,6,6
827,5,5,10,5
828,5,6,5,5
829,5,6,6,6
830,5,5,5,5
831,5,6,6,6
832,5,5,5,5
833,5,6,6,6
834,1,1,1,1
835,2,6,6,6
836,1,1,1,1
837,1,1,1,1
838,1,4,4,4
839,1,4,4,4
840,1,1,1,1
841,1,1,1,1
842,1,2,2,2
843,1,1,1,1
844,1,2,1,1
845,5,5,6,5
846,5,5,3,3
847,2,7,8,7
848,6,6,6,6
849,6,6,6,6
850,1,3,3,3
851,1,1,1,1
852,1,1,1,1
853,1,2,2,2
854,1,1,1,1
855,1,1,3,1
856,1,8,3,3
857,1,1,5,1
858,1,2,2,2
859,1,2,2,2
860,1,4,5,4
861,1,2,2,2
862,1,2,2,2
863,1,3,3,3
864,1,1,4,1
865,1,4,5,4
866,1,2,5,2
867,1,1,1,1
868,1,1,1,1
869,1,1,2,1
870,1,4,4,4
871,1,4,7,4
872,1,3,3,3
873,1,3,3,3
874,1,1,1,1
875,1,1,1,1
876,5,2,2,2
877,2,3,3,3
878,1,2,2,2
879,2,3,4,3
880,2,1,1,1
881,2,2,0,0
882,2,2,0,0
883,2,3,3,3
884,2,3,3,3
885,2,2,4,2
886,2,2,2,2
887,2,4,4,4
888,2,4,4,4
889,4,6,6,6
890,2,3,3,3
891,4,4,3,3
892,4,4,4,4
893,4,4,4,4
894,4,5,3,3
895,2,6,7,6
896,1,5,4,4
897,1,3,1,1
898,1,2,2,2
899,7,8,7,7
900,3,3,7,3
901,1,5,5,5
902,7,8,7,7
903,7,8,7,7
904,4,7,6,6
905,7,8,7,7
906,7,8,7,7
907,4,5,7,5
908,3,3,3,3
909,1,2,2,2
910,1,3,3,3
911,4,5,6,5
912,4,5,6,5
913,4,5,6,5
914,1,1,1,1
915,3,6,6,6
916,1,1,2,1
917,1,1,2,1
918,1,2,1,1
919,1,1,2,1
920,1,1,2,1
921,1,2,1,1
922,1,2,1,1
923,1,2,1,1
924,1,1,2,1
925,1,2,1,1
926,1,1,2,1
927,1,2,1,1
928,1,0,2,0
929,1,0,1,0
930,1,1,3,1
931,1,1,2,1
932,1,1,2,1
933,1,1,0,0
934,1,1,2,1
935,1,1,2,1
936,1,1,3,1
937,1,3,4,3
938,1,3,1,1
939,1,1,3,1
940,1,3,4,3
941,1,1,2,1
942,1,2,1,1
943,1,1,2,1
944,1,1,4,1
945,1,1,0,0
946,1,3,1,1
947,1,1,2,1
948,1,1,3,1
949,1,1,3,1
950,1,1,3,1
951,1,3,4,3
952,1,3,1,1
953,1,1,3,1
954,1,1,2,1
955,1,1,2,1
956,1,1,0,0
957,1,1,2,1
958,1,1,2,1
959,1,1,3,1
960,1,3,4,3
961,1,3,1,1
962,1,0,1,0
963,1,0,1,0
964,1,1,3,1
965,1,1,2,1
966,1,1,2,1
967,1,1,0,0
968,1,1,2,1
969,1,1,2,1
970,1,3,4,3
971,1,3,1,1
972,1,3,1,1
973,1,0,1,0
974,1,0,1,0
975,7,7,4,4
976,3,5,5,5
977,1,0,2,0
978,2,6,6,6
979,1,3,3,3
980,6,7,7,7
981,5,6,5,5
982,8,9,9,9
983,8,9,9,9
984,8,9,9,9
985,8,9,9,9
986,1,4,4,4
987,1,1,4,1
988,1,2,2,2
989,1,1,3,1
990,1,2,2,2
991,1,1,3,1
992,4,7,7,7
993,4,7,7,7
994,4,7,7,7
995,4,7,7,7
996,4,7,7,7
997,4,7,7,7
998,4,7,7,7
999,4,7,7,7
1000,8,9,10,9
1001,1,3,3,3
1002,1,7,7,7
1003,3,4,4,4
1004,3,13,8,8
1005,2,3,4,3
1006,3,1,1,1
1007,2,0,6,0
1008,2,0,6,0
1009,2,9,6,6
1010,2,4,3,3
1011,2,0,6,0
1012,2,9,6,6
1013,2,0,3,0
1014,2,0,1,0
1015,2,4,4,4
1016,2,5,5,5
1017,2,5,5,5
1018,2,2,0,0
1019,1,11,3,3
1020,2,2,2,2
1021,2,2,0,0
1022,2,1,6,1
1023,2,2,2,2
1024,2,2,0,0
1025,2,1,6,1
1026,2,0,1,0
1027,2,0,6,0
1028,2,4,4,4
1029,2,4,4,4
1030,2,4,4,4
1031,2,4,4,4
1032,2,4,4,4
1033,2,4,4,4
1034,2,4,4,4
1035,2,4,4,4
1036,2,4,4,4
1037,2,4,4,4
1038,2,3,3,3
1039,2,3,3,3
1040,2,6,3,3
1041,2,0,1,0
1042,2,0,1,0
1043,2,0,1,0
1044,2,1,4,1
1045,2,0,1,0
1046,2,0,4,0
1047,2,3,1,1
1048,2,0,4,0
1049,2,1,1,1
1050,2,3,4,3
1051,2,2,3,2
1052,2,4,4,4
1053,2,2,0,0
1054,2,2,2,2
1055,2,2,2,2
1056,2,4,4,4
1057,2,5,4,4
1058,2,2,2,2
1059,2,3,3,3
1060,2,3,3,3
1061,2,2,2,2
1062,2,3,3,3
1063,2,2,2,2
1064,2,2,2,2
1065,2,2,2,2
1066,2,0,1,0
1067,2,10,8,8
1068,2,2,0,0
1069,2,6,0,0
1070,2,1,0,0
1071,2,0,4,0
1072,2,0,1,0
1073,2,0,1,0
1074,2,0,4,0
1075,2,2,0,0
1076,2,2,4,2
1077,2,2,4,2
1078,2,2,2,2
1079,2,5,10,5
1080,2,5,1,1
1081,3,4,4,4
1082,3,6,6,6
1083,3,6,6,6
1084,3,3,7,3
1085,3,5,10,5
1086,3,4,6,4
1087,3,5,8,5
1088,3,4,5,4
1089,3,4,4,4
1090,3,6,4,4
1091,3,4,4,4
1092,3,4,4,4
1093,3,4,4,4
1094,3,3,1,1
1095,3,7,7,7
1096,3,3,1,1
1097,3,4,4,4
1098,3,4,6,4
1099,3,4,4,4
1100,3,3,4,3
1101,3,6,4,4
1102,1,2,6,2
1103,1,2,8,2
1104,1,6,6,6
1105,1,2,6,2
1106,1,5,8,5
1107,1,4,10,4
1108,1,2,6,2
1109,1,10,14,10
1110,1,8,8,8
1111,1,5,8,5
1112,1,9,9,9
1113,3,8,7,7
1114,3,2,1,1
1115,3,1,2,1
1116,3,8,7,7
1117,3,5,5,5
1118,3,9,10,9
1119,3,6,7,6
1120,3,4,3,3
1121,3,3,4,3
1122,1,2,6,2
1123,1,2,2,2
1124,1,7,10,7
1125,1,2,2,2
1126,1,2,2,2
1127,1,2,2,2
1128,1,9,8,8
1129,1,4,10,4
1130,1,2,6,2
1131,1,1,1,1
1132,2,3,4,3
1133,1,1,1,1
1134,2,7,5,5
1135,1,4,4,4
1136,1,2,2,2
1137,1,4,4,4
1138,1,2,2,2
1139,1,4,4,4
1140,1,2,2,2
1141,1,4,4,4
1142,1,4,4,4
1143,1,4,4,4
1144,1,4,4,4
1145,1,4,4,4
1146,1,2,2,2
1147,6,3,6,3
1148,6,3,6,3
1149,1,4,4,4
1150,2,6,6,6
1151,2,3,3,3
1152,1,1,2,1
1153,1,2,1,1
1154,1,1,3,1
1155,1,6,6,6
1156,1,1,1,1
1157,1,2,2,2
1158,1,2,2,2
1159,1,2,2,2
1160,1,6,7,6
1161,1,1,4,1
1162,1,1,10,1
1163,2,7,7,7
1164,1,3,3,3
1165,1,3,2,2
1166,1,3,5,3
1167,1,2,2,2
1168,2,3,3,3
1169,1,3,3,3
1170,1,3,3,3
1171,1,3,4,3
1172,1,1,2,1
1173,1,1,2,1
1174,1,1,2,1
1175,1,2,2,2
1176,1,4,3,3
1177,1,1,2,1
1178,1,11,4,4
1179,1,4,4,4
1180,1,2,2,2
1181,3,4,4,4
1182,1,1,1,1
1183,1,1,1,1
1184,1,2,2,2
1185,1,4,4,4
1186,5,9,9,9
1187,1,5,5,5
1188,1,5,5,5
1189,1,5,5,5
1190,1,2,2,2
1191,3,4,4,4
1192,1,1,2,1
1193,3,5,5,5
1194,1,1,2,1
1195,6,8,8,8
1196,1,1,2,1
1197,1,1,2,1
1198,4,6,6,6
1199,4,6,6,6
1200,4,6,6,6
1201,4,6,6,6
1202,4,6,6,6
1203,4,6,6,6
1204,1,3,1,1
1205,10,11,10,10
1206,10,11,10,10
1207,10,11,10,10
1208,10,11,10,10
1209,10,11,10,10
1210,10,11,10,10
1211,10,11,10,10
1212,4,6,6,6
1213,7,10,10,10
1214,2,6,6,6
1215,1,3,3,3
1216,1,4,4,4
1217,1,2,1,1
1218,1,4,4,4
1219,1,3,2,2
1220,1,4,4,4
1221,3,6,6,6
1222,1,5,5,5
1223,1,6,6,6
1224,1,6,8,6
1225,1,6,4,4
1226,1,1,3,1
1227,2,6,6,6
1228,3,4,6,4
1229,2,10,11,10
1230,7,15,15,15
1231,9,8,7,7
1232,1,2,1,1
1233,1,2,1,1
1234,4,5,5,5
1235,4,6,7,6
1236,4,7,7,7
1237,4,4,5,4
1238,2,2,3,2
1239,2,2,3,2
1240,2,2,3,2
1241,2,2,3,2
1242,2,2,3,2
1243,2,2,3,2
1244,2,2,3,2
1245,2,2,3,2
1246,2,2,3,2
1247,2,3,1,1
1248,2,3,1,1
1249,2,3,1,1
1250,2,3,1,1
1251,2,3,1,1
1252,2,3,1,1
1253,2,3,1,1
1254,2,3,2,2
1255,2,4,2,2
1256,2,2,3,2
1257,2,4,2,2
1258,2,2,3,2
1259,2,4,2,2
1260,2,2,3,2
1261,2,2,4,2
1262,4,6,6,6
1263,1,2,2,2
1264,1,2,2,2
1265,1,2,2,2
1266,1,2,2,2
1267,1,2,2,2
1268,1,2,2,2
1269,1,2,2,2
1270,1,2,2,2
1271,1,3,3,3
1272,1,3,3,3
1273,1,1,1,1
1274,1,3,3,3
1275,1,4,4,4
1276,1,1,6,1
1277,1,2,1,1
1278,1,7,7,7
1279,3,5,5,5
1280,1,1,1,1
1281,1,5,5,5
1282,1,1,1,1
1283,5,6,6,6
1284,7,9,9,9
1285,7,9,9,9
1286,5,4,4,4
1287,5,0,3,0
1288,1,4,4,4
1289,1,2,2,2
1290,1,2,2,2
1291,1,0,5,0
1292,1,0,1,0
1293,1,0,3,0
1294,1,0,1,0
1295,1,1,5,1
1296,1,0,1,0
1297,1,0,1,0
1298,1,0,2,0
1299,1,5,4,4
1300,1,3,3,3
1301,1,4,4,4
1302,1,5,5,5
1303,6,7,7,7
1304,1,2,2,2
1305,1,2,2,2
1306,4,6,5,5
1307,5,5,6,5
1308,1,2,2,2
1309,1,3,3,3
1310,1,2,2,2
1311,5,7,7,7
1312,7,10,10,10
1313,1,1,2,1
1314,5,7,7,7
1315,1,2,2,2
1316,1,2,2,2
1317,6,10,10,10
1318,4,8,8,8
1319,4,8,8,8
1320,1,3,3,3
1321,1,3,3,3
1322,1,3,3,3
1323,2,3,3,3
1324,1,5,4,4
1325,1,3,7,3
1326,6,8,7,7
1327,2,3,4,3
1328,1,6,4,4
1329,1,5,4,4
1330,1,3,3,3
1331,1,3,3,3
1332,1,4,4,4
1333,1,3,3,3
1334,12,11,11,11
1335,6,8,9,8
1336,2,3,2,2
1337,6,9,9,9
1338,13,13,13,13
1339,1,5,4,4
1340,1,2,2,2
1341,1,6,6,6
1342,1,3,3,3
1343,1,2,1,1
1344,1,3,3,3
1345,1,3,3,3
1346,1,3,3,3
1347,2,8,8,8
1348,1,1,7,1
1349,1,1,7,1
1350,2,3,3,3
1351,1,1,1,1
1352,1,6,6,6
1353,1,1,1,1
1354,1,4,4,4
1355,1,5,2,2
1356,1,2,3,2
1357,1,2,3,2
1358,2,8,8,8
1359,2,9,12,9
1360,2,5,5,5
1361,2,4,3,3
1362,1,1,1,1
1363,1,2,3,2
1364,1,2,5,2
1365,4,5,5,5
1366,1,2,5,2
1367,1,7,7,7
1368,1,5,7,5
1369,1,1,1,1
1370,2,4,4,4
1371,2,4,4,4
1372,1,4,4,4
1373,1,1,1,1
1374,1,3,3,3
1375,1,3,4,3
1376,5,7,7,7
1377,1,1,1,1
1378,5,7,7,7
1379,1,3,3,3
1380,1,3,3,3
1381,2,5,5,5
1382,2,5,7,5
1383,1,10,10,10
1384,15,16,16,16
1385,1,1,1,1
1386,1,7,7,7
1387,14,15,15,15
1388,2,5,5,5
1389,2,5,7,5
1390,1,3,3,3
1391,1,1,1,1
1392,15,16,16,16
1393,1,7,7,7
1394,1,10,10,10
1395,1,3,3,3
1396,6,15,15,15
1397,2,7,7,7
1398,1,4,4,4
1399,1,3,3,3
1400,1,6,8,6
1401,1,1,1,1
1402,1,1,1,1
1403,1,7,7,7
1404,1,5,5,5
1405,1,3,3,3
1406,1,3,3,3
1407,1,3,3,3
1408,1,1,1,1
1409,1,1,2,1
1410,1,1,1,1
1411,1,2,2,2
1412,1,3,3,3
1413,1,6,5,5
1414,1,2,2,2
1415,1,10,10,10
1416,1,10,10,10
1417,1,3,3,3
1418,1,1,2,1
1419,1,1,1,1
1420,1,4,4,4
1421,1,1,1,1
1422,1,3,3,3
1423,1,3,3,3
1424,2,2,2,2
1425,2,2,2,2
1426,5,9,9,9
1427,2,2,2,2
1428,2,6,3,3
1429,1,1,2,1
1430,2,2,2,2
1431,2,6,3,3
1432,7,15,15,15
1433,1,1,3,1
1434,1,5,5,5
1435,1,9,9,9
1436,1,9,9,9
1437,1,5,5,5
1438,1,1,3,1
1439,2,2,2,2
1440,1,4,4,4
1441,1,7,4,4
1442,1,1,1,1
1443,1,4,4,4
1444,1,3,3,3
1445,1,2,2,2
1446,1,3,3,3
1447,1,1,1,1
1448,1,1,1,1
1449,2,12,12,12
1450,1,8,8,8
1451,5,5,6,5
1452,3,4,6,4
1453,1,5,3,3
1454,1,2,2,2
1455,1,2,4,2
1456,1,5,5,5
1457,1,4,4,4
1458,2,2,3,2
1459,2,2,3,2
1460,2,2,3,2
1461,2,2,3,2
1462,1,5,5,5
1463,2,2,2,2
1464,1,3,3,3
1465,4,4,4,4
1466,1,1,2,1
1467,1,1,1,1
1468,1,6,6,6
1469,1,1,4,1
1470,1,6,5,5
1471,1,6,5,5
1472,1,4,4,4
1473,2,8,7,7
1474,2,12,7,7
1475,1,7,7,7
1476,1,3,2,2
1477,1,2,3,2
1478,1,3,3,3
1479,7,7,8,7
1480,3,5,5,5
1481,5,8,8,8
1482,3,5,5,5
1483,2,5,5,5
1484,1,4,4,4
1485,3,6,6,6
1486,4,6,6,6
1487,4,2,2,2
1488,2,6,6,6
1489,4,7,7,7
1490,6,7,7,7
1491,3,5,5,5
1492,3,7,2,2
1493,3,4,4,4
1494,1,1,1,1
1495,1,1,1,1
1496,1,1,1,1
1497,1,5,5,5
1498,3,5,5,5
1499,1,10,10,10
1500,12,13,13,13
1501,1,2,2,2
1502,1,6,6,6
1503,2,2,2,2
1504,3,5,5,5
1505,7,7,4,4
1506,7,7,4,4
1507,3,7,7,7
1508,6,9,9,9
1509,1,13,13,13
1510,1,3,2,2
1511,1,6,6,6
1512,1,3,3,3
1513,1,1,1,1
1514,1,1,1,1
1515,1,4,4,4
1516,1,4,4,4
1517,2,5,5,5
1518,1,1,1,1
1519,1,2,2,2
1520,1,1,1,1
1521,1,1,1,1
1522,1,13,13,13
1523,1,5,5,5
1524,1,11,11,11
1525,1,3,3,3
1526,1,6,6,6
1527,1,3,3,3
1528,1,8,8,8
1529,1,5,5,5
1530,1,5,5,5
1531,1,5,5,5
1532,1,5,5,5
1533,1,6,4,4
1534,3,4,4,4
1535,2,3,3,3
1536,1,3,3,3
1537,1,5,5,5
1538,1,2,2,2
1539,1,1,1,1
1540,3,3,5,3
1541,6,6,6,6
1542,1,7,6,6
1543,1,3,3,3
1544,1,3,3,3
1545,1,3,3,3
1546,1,3,3,3
1547,1,3,3,3
1548,1,3,3,3
1549,1,3,3,3
1550,1,3,3,3
1551,1,3,3,3
1552,1,3,3,3
1553,1,3,3,3
1554,1,3,3,3
1555,1,3,3,3
1556,1,3,3,3
1557,1,3,3,3
1558,1,3,3,3
1559,1,3,3,3
1560,1,3,3,3
1561,1,3,3,3
1562,1,3,3,3
1563,2,3,4,3
1564,4,5,5,5
1565,4,9,12,9
1566,2,2,8,2
1567,2,2,3,2
1568,4,4,6,4
1569,4,4,6,4
1570,3,4,4,4
1571,3,4,4,4
1572,3,4,4,4
1573,1,4,7,4
1574,1,6,7,6
1575,1,4,4,4
1576,1,8,8,8
1577,5,11,11,11
1578,2,2,3,2
1579,2,3,4,3
1580,2,3,3,3
1581,2,3,3,3
1582,7,10,10,10
1583,1,2,2,2
1584,1,2,2,2
1585,1,4,4,4
1586,3,5,5,5
1587,3,6,6,6
1588,3,5,5,5
1589,3,5,5,5
1590,3,6,6,6
1591,3,6,6,6
1592,3,6,6,6
1593,3,5,5,5
1594,3,5,5,5
1595,3,5,5,5
1596,3,6,6,6
1597,2,7,7,7
1598,1,2,2,2
1599,1,3,3,3
1600,2,3,3,3
1601,2,11,2,2
1602,2,11,2,2
1603,2,3,3,3
1604,5,7,7,7
1605,5,7,7,7
1606,1,1,1,1
1607,1,1,1,1
1608,2,4,5,4
1609,1,2,2,2
1610,1,3,3,3
1611,1,4,4,4
1612,1,3,5,3
1613,1,4,4,4
1614,1,4,4,4
1615,1,5,5,5
1616,1,4,4,4
1617,3,5,5,5
1618,1,2,2,2
1619,1,2,2,2
1620,1,2,2,2
1621,1,7,7,7
1622,1,2,2,2
1623,1,9,9,9
1624,5,7,7,7
1625,1,2,2,2
1626,1,6,6,6
1627,1,4,4,4
1628,1,6,6,6
1629,1,2,2,2
1630,1,2,2,2
1631,1,2,2,2
1632,1,7,7,7
1633,1,4,4,4
1634,1,3,3,3
1635,1,2,2,2
1636,1,7,7,7
1637,1,5,5,5
1638,1,2,2,2
1639,1,5,5,5
1640,1,4,4,4
1641,1,5,4,4
1642,1,3,3,3
1643,1,3,2,2
1644,1,2,2,2
1645,1,3,3,3
1646,2,4,3,3
1647,1,5,6,5
1648,3,4,4,4
1649,1,1,3,1
1650,2,3,2,2
1651,5,5,4,4
1652,2,8,9,8
1653,4,4,5,4
1654,2,8,11,8
1655,1,2,2,2
1656,1,2,2,2
1657,1,2,2,2
1658,1,2,2,2
1659,6,5,7,5
1660,2,3,2,2
1661,2,2,7,2
1662,2,3,2,2
1663,2,3,2,2
1664,2,3,2,2
1665,2,3,2,2
1666,2,3,2,2
1667,1,3,3,3
1668,1,1,1,1
1669,1,3,1,1
1670,1,3,1,1
1671,1,5,4,4
1672,1,5,5,5
1673,3,5,5,5
1674,3,7,9,7
1675,3,7,7,7
1676,1,2,1,1
1677,1,2,1,1
1678,2,7,7,7
1679,2,7,7,7
1680,2,5,5,5
1681,1,2,2,2
1682,1,3,3,3
1683,1,3,3,3
1684,4,5,5,5
1685,3,8,6,6
1686,1,6,8,6
1687,1,2,2,2
1688,1,4,3,3
1689,1,3,3,3
1690,1,3,3,3
1691,1,3,3,3
1692,1,3,3,3
1693,1,3,5,3
1694,2,6,6,6
1695,2,0,7,0
1696,2,12,12,12
1697,2,3,5,3
1698,1,15,15,15
1699,1,3,3,3
1700,1,2,2,2
1701,1,1,1,1
1702,1,2,2,2
1703,2,2,3,2
1704,2,2,3,2
1705,1,2,2,2
1706,2,2,3,2
1707,2,2,3,2
1708,3,5,5,5
1709,3,5,5,5
1710,1,4,4,4
1711,3,5,5,5
1712,3,5,5,5
1713,4,5,5,5
1714,4,13,11,11
1715,4,6,8,6
1716,4,9,9,9
1717,8,9,9,9
1718,5,6,7,6
1719,4,7,11,7
1720,6,6,11,6
1721,4,11,14,11
1722,4,10,11,10
1723,5,6,7,6
1724,4,7,11,7
1725,6,9,9,9
1726,4,5,7,5
1727,4,7,11,7
1728,4,7,11,7
1729,4,7,11,7
1730,5,6,7,6
1731,7,8,8,8
1732,7,8,8,8
1733,7,8,8,8
1734,7,8,8,8
1735,7,8,8,8
1736,7,8,8,8
1737,7,8,8,8
1738,7,8,8,8
1739,1,2,2,2
1740,1,3,2,2
1741,2,3,3,3
1742,2,6,6,6
1743,4,8,8,8
1744,1,2,3,2
1745,4,4,4,4
1746,4,10,10,10
1747,1,4,4,4
1748,1,2,3,2
1749,4,6,4,4
1750,4,5,5,5
1751,4,5,6,5
1752,4,5,6,5
1753,5,6,6,6
1754,1,5,4,4
1755,2,4,4,4
1756,2,3,3,3
1757,2,3,3,3
1758,3,3,3,3
1759,2,2,3,2
1760,5,3,3,3
1761,2,5,4,4
1762,3,3,3,3
1763,3,8,8,8
1764,2,5,7,5
1765,2,2,2,2
1766,2,2,2,2
1767,2,4,4,4
1768,2,2,2,2
1769,1,0,2,0
1770,1,2,2,2
1771,1,2,1,1
1772,4,9,6,6
1773,3,4,4,4
1774,2,2,3,2
1775,5,5,5,5
1776,1,2,2,2
1777,1,4,5,4
1778,1,4,4,4
1779,1,1,3,1
1780,1,0,4,0
1781,1,3,3,3
1782,4,6,6,6
1783,1,2,2,2
1784,1,3,3,3
1785,1,3,3,3
1786,1,2,2,2
1787,1,1,1,1
1788,1,3,3,3
1789,2,4,2,2
1790,1,2,2,2
1791,1,4,1,1
1792,6,7,7,7
1793,1,5,5,5
1794,2,4,5,4
1795,2,6,6,6
1796,4,6,6,6
1797,1,2,6,2
1798,1,2,2,2
1799,1,3,1,1
1800,1,2,2,2
1801,1,9,16,9
1802,1,1,1,1
1803,1,0,1,0
1804,1,4,4,4
1805,1,6,6,6
1806,1,2,2,2
1807,1,0,1,0
1808,1,2,2,2
1809,1,3,3,3
1810,1,4,4,4
1811,1,4,4,4
1812,1,3,3,3
1813,1,3,3,3
1814,1,3,3,3
1815,1,5,5,5
1816,1,3,3,3
1817,3,4,4,4
1818,3,6,6,6
1819,3,6,6,6
1820,3,4,4,4
1821,3,3,3,3
1822,1,5,5,5
1823,1,0,1,0
1824,1,3,4,3
1825,1,0,1,0
1826,1,3,3,3
1827,1,3,3,3
1828,1,3,3,3
1829,1,4,4,4
1830,1,12,3,3
1831,1,5,5,5
1832,5,10,15,10
1833,1,3,3,3
1834,1,3,3,3
1835,1,4,4,4
1836,4,13,13,13
1837,1,5,5,5
1838,2,7,7,7
1839,1,2,2,2
1840,2,5,5,5
1841,2,5,5,5
1842,2,7,7,7
1843,2,5,5,5
1844,2,4,4,4
1845,2,5,5,5
1846,2,5,5,5
1847,2,5,5,5
1848,2,5,5,5
1849,2,5,5,5
1850,2,4,4,4
1851,2,5,5,5
1852,2,6,6,6
1853,2,6,6,6
1854,2,5,5,5
1855,2,6,6,6
1856,2,6,6,6
1857,2,6,6,6
1858,2,6,6,6
1859,2,5,5,5
1860,2,6,6,6
1861,2,5,5,5
1862,2,6,6,6
1863,4,7,8,7
1864,2,7,7,7
1865,1,1,2,1
1866,1,3,2,2
1867,1,3,3,3
1868,1,3,2,2
1869,1,5,4,4
1870,1,5,4,4
1871,1,5,4,4
1872,1,3,3,3
1873,1,5,4,4
1874,7,14,8,8
1875,2,6,6,6
1876,4,4,4,4
1877,3,5,5,5
1878,7,8,8,8
1879,2,4,4,4
1880,1,7,7,7
1881,1,2,2,2
1882,1,2,2,2
1883,1,2,2,2
1884,1,2,2,2
1885,1,3,3,3
1886,1,6,6,6
1887,6,7,7,7
1888,1,2,2,2
1889,2,3,3,3
1890,4,9,9,9
1891,4,5,5,5
1892,2,8,8,8
1893,2,3,3,3
1894,1,2,2,2
1895,1,2,2,2
1896,1,2,2,2
1897,1,3,3,3
1898,1,2,2,2
1899,4,8,9,8
1900,1,2,2,2
1901,6,7,7,7
1902,6,6,9,6
1903,1,3,4,3
1904,1,4,4,4
1905,5,11,11,11
1906,1,2,2,2
1907,7,10,11,10
1908,7,10,11,10
1909,7,10,11,10
1910,4,6,6,6
1911,3,3,5,3
1912,1,2,2,2
1913,3,8,6,6
1914,1,2,2,2
1915,5,6,6,6
1916,2,1,7,1
1917,2,7,7,7
1918,4,5,5,5
1919,7,8,8,8
1920,4,6,6,6
1921,1,5,5,5
1922,1,5,5,5
1923,1,5,5,5
1924,1,9,9,9
1925,1,3,3,3
1926,4,5,5,5
1927,1,1,3,1
1928,6,5,5,5
1929,1,4,4,4
1930,2,2,4,2
1931,1,1,1,1
1932,1,6,6,6
1933,1,5,5,5
1934,3,5,5,5
1935,4,14,14,14
1936,3,5,5,5
1937,1,4,3,3
1938,1,4,3,3
1939,1,5,5,5
1940,1,2,2,2
1941,1,6,6,6
1942,1,4,4,4
1943,1,1,2,1
1944,4,13,13,13
1945,4,8,8,8
1946,4,8,8,8
1947,1,3,3,3
1948,1,1,1,1
1949,1,2,2,2
1950,1,1,1,1
1951,7,8,8,8
1952,1,4,4,4
1953,5,6,6,6
1954,7,8,8,8
1955,3,5,5,5
1956,3,7,6,6
1957,4,7,7,7
1958,1,1,1,1
1959,1,1,1,1
1960,4,8,8,8
1961,3,4,4,4
1962,3,4,4,4
1963,1,8,8,8
1964,2,6,6,6
1965,3,5,5,5
1966,4,4,5,4
1967,2,6,6,6
1968,1,3,3,3
1969,4,5,5,5
1970,1,3,3,3
1971,1,4,4,4
1972,4,5,5,5
1973,1,4,4,4
1974,3,4,1,1
1975,3,7,1,1
1976,3,5,4,4
1977,1,3,3,3
1978,1,6,7,6
1979,1,3,3,3
1980,1,3,5,3
1981,1,5,5,5
1982,1,1,1,1
1983,1,4,4,4
1984,1,1,1,1
1985,1,1,7,1
1986,2,4,4,4
1987,8,9,9,9
1988,1,5,2,2
1989,1,6,8,6
1990,1,2,1,1
1991,1,1,1,1
1992,1,1,1,1
1993,1,4,4,4
1994,1,4,4,4
1995,1,4,4,4
1996,1,4,4,4
1997,1,7,11,7
1998,1,2,2,2
1999,1,1,1,1
2000,2,4,4,4
2001,1,1,1,1
2002,3,3,3,3
2003,5,8,8,8
2004,1,5,5,5
2005,1,1,3,1
2006,1,4,4,4
2007,1,5,5,5
2008,1,5,5,5
2009,1,1,1,1
2010,1,4,4,4
2011,1,4,4,4
2012,1,4,4,4
2013,1,2,2,2
2014,1,2,2,2
2015,1,3,3,3
2016,1,4,4,4
2017,1,2,2,2
2018,1,5,5,5
2019,1,4,4,4
2020,2,7,8,7
2021,1,4,2,2
2022,6,6,6,6
2023,6,6,6,6
2024,6,15,15,15
2025,6,15,15,15
2026,1,2,2,2
2027,1,2,3,2
2028,1,4,4,4
2029,2,3,3,3
2030,11,11,11,11
2031,1,4,4,4
2032,1,8,12,8
2033,7,8,8,8
2034,4,6,6,6
2035,6,9,9,9
2036,7,9,8,8
2037,6,9,9,9
2038,6,9,9,9
2039,6,9,9,9
2040,6,9,9,9
2041,6,9,9,9
2042,7,10,10,10
2043,5,11,11,11
2044,6,11,9,9
2045,8,9,10,9
2046,6,8,8,8
2047,1,3,3,3
2048,1,2,2,2
2049,2,4,5,4
2050,2,6,6,6
2051,2,6,6,6
2052,2,6,6,6
2053,2,4,5,4
2054,2,6,6,6
2055,5,6,6,6
2056,7,8,8,8
2057,5,5,5,5
2058,1,3,3,3
2059,1,4,5,4
2060,1,9,11,9
2061,1,9,11,9
2062,2,3,3,3
2063,2,4,4,4
2064,1,0,1,0
2065,5,5,5,5
2066,1,1,0,0
2067,1,2,2,2
2068,3,4,4,4
2069,1,2,2,2
2070,1,2,3,2
2071,1,3,3,3
2072,1,3,3,3
2073,1,2,2,2
2074,1,4,4,4
2075,1,3,3,3
2076,1,5,5,5
2077,1,2,2,2
2078,7,7,7,7
2079,7,7,7,7
2080,7,7,7,7
2081,1,4,7,4
2082,1,7,7,7
2083,1,2,3,2
2084,1,2,2,2
2085,1,5,5,5
2086,1,5,5,5
2087,1,2,3,2
2088,1,4,4,4
2089,1,5,5,5
2090,1,1,1,1
2091,5,6,6,6
2092,1,3,3,3
2093,7,8,8,8
2094,1,2,2,2
2095,3,3,7,3
2096,2,2,6,2
2097,6,6,8,6
2098,1,4,4,4
2099,1,3,3,3
2100,1,3,3,3
2101,5,7,7,7
2102,5,9,9,9
2103,8,11,11,11
2104,1,2,2,2
2105,1,2,2,2
2106,6,4,7,4
2107,1,4,3,3
2108,1,3,2,2
2109,1,2,3,2
2110,1,1,1,1
2111,1,2,3,2
2112,1,1,1,1
2113,1,1,1,1
2114,1,6,6,6
2115,1,6,6,6
2116,1,7,7,7
2117,7,7,7,7
2118,1,1,2,1
2119,1,3,3,3
2120,5,11,11,11
2121,5,10,6,6
2122,1,1,2,1
2123,4,5,5,5
2124,4,4,4,4
2125,4,4,4,4
2126,1,3,3,3
2127,2,5,5,5
2128,1,3,3,3
2129,5,6,6,6
2130,5,6,6,6
2131,3,7,5,5
2132,3,7,7,7
2133,3,8,8,8
2134,1,2,2,2
2135,5,6,12,6
2136,5,6,6,6
2137,1,3,7,3
2138,4,8,8,8
2139,8,10,10,10
2140,8,10,10,10
2141,1,4,6,4
2142,1,2,2,2
2143,5,6,7,6
2144,5,6,6,6
2145,5,5,5,5
2146,5,5,5,5
2147,7,7,9,7
2148,5,7,7,7
2149,10,10,10,10
2150,7,7,6,6
2151,5,5,3,3
2152,5,10,11,10
2153,5,8,8,8
2154,5,7,8,7
2155,7,7,6,6
2156,5,6,5,5
2157,7,8,9,8
2158,5,6,6,6
2159,5,6,6,6
2160,9,9,9,9
2161,7,8,8,8
2162,5,4,4,4
2163,5,6,3,3
2164,5,6,6,6
2165,5,7,7,7
2166,10,10,8,8
2167,5,6,7,6
2168,7,6,7,6
2169,5,5,3,3
2170,5,5,3,3
2171,1,3,3,3
2172,10,10,9,9
2173,5,5,3,3
2174,5,5,3,3
2175,5,5,5,5
2176,5,5,5,5
2177,5,5,3,3
2178,1,1,2,1
2179,5,9,9,9
2180,3,7,7,7
2181,7,10,10,10
2182,3,4,7,4
2183,3,4,7,4
2184,3,4,7,4
2185,3,4,7,4
2186,3,4,7,4
2187,3,4,4,4
2188,3,4,7,4
2189,3,4,7,4
2190,3,4,7,4
2191,5,5,5,5
2192,1,2,2,2
2193,6,6,6,6
2194,2,5,5,5
2195,8,9,8,8
2196,1,4,4,4
2197,5,6,6,6
2198,4,4,5,4
2199,1,4,4,4
2200,1,4,4,4
2201,5,8,8,8
2202,1,4,4,4
2203,7,9,9,9
2204,5,8,8,8
2205,5,5,5,5
2206,1,3,3,3
2207,1,3,2,2
2208,1,3,3,3
2209,2,5,4,4
2210,1,6,5,5
2211,4,5,5,5
2212,5,8,8,8
2213,1,3,3,3
2214,3,4,6,4
2215,5,8,8,8
2216,1,2,3,2
2217,5,8,8,8
2218,1,2,2,2
2219,1,4,3,3
2220,1,2,2,2
2221,1,4,4,4
2222,2,1,1,1
2223,1,6,7,6
2224,7,10,10,10
2225,1,2,2,2
2226,1,3,2,2
2227,12,12,12,12
2228,2,1,1,1
2229,1,7,7,7
2230,1,1,1,1
2231,2,0,1,0
2232,4,0,1,0
2233,4,5,4,4
2234,1,2,3,2
2235,1,1,2,1
2236,8,11,11,11
2237,4,8,9,8
2238,1,3,4,3
2239,1,3,3,3
2240,1,3,3,3
2241,2,4,3,3
2242,3,8,8,8
2243,3,6,4,4
2244,3,9,9,9
2245,4,6,6,6
2246,3,3,3,3
2247,3,4,4,4
2248,1,2,2,2
2249,1,2,2,2
2250,1,2,2,2
2251,1,1,2,1
2252,4,4,1,1
2253,3,5,7,5
2254,1,3,3,3
2255,3,6,6,6
2256,3,6,6,6
2257,1,2,2,2
2258,1,4,7,4
2259,2,5,5,5
2260,2,5,5,5
2261,4,8,7,7
2262,2,5,5,5
2263,2,5,5,5
2264,4,4,7,4
2265,3,6,6,6
2266,1,3,3,3
2267,2,3,3,3
2268,2,5,5,5
2269,3,3,5,3
2270,1,3,2,2
2271,2,2,3,2
2272,2,2,2,2
2273,7,7,7,7
2274,1,1,1,1
2275,1,1,2,1
2276,1,4,4,4
2277,1,2,2,2
2278,1,1,2,1
2279,1,2,2,2
2280,1,2,2,2
2281,1,3,3,3
2282,1,2,2,2
2283,1,2,2,2
2284,1,2,2,2
2285,1,2,2,2
2286,1,1,1,1
2287,1,2,2,2
2288,1,2,2,2
2289,1,1,2,1
2290,1,1,2,1
2291,1,3,3,3
2292,3,8,7,7
2293,1,2,2,2
2294,2,8,8,8
2295,5,8,8,8
2296,2,5,5,5
2297,2,5,5,5
2298,5,5,6,5
2299,7,8,9,8
2300,2,6,6,6
2301,1,3,3,3
2302,1,1,1,1
2303,4,5,6,5
2304,1,3,3,3
2305,1,3,3,3
2306,4,5,6,5
2307,1,2,2,2
2308,1,3,3,3
2309,4,5,6,5
2310,1,3,3,3
2311,2,7,7,7
2312,2,4,4,4
2313,2,4,5,4
2314,2,4,5,4
2315,1,1,1,1
2316,1,1,1,1
2317,5,7,7,7
2318,8,9,8,8
2319,1,4,4,4
2320,3,2,3,2
2321,4,9,9,9
2322,4,5,5,5
2323,4,5,5,5
2324,1,9,9,9
2325,1,2,2,2
2326,1,1,1,1
2327,7,6,7,6
2328,1,3,3,3
2329,1,4,2,2
2330,1,4,2,2
2331,1,4,2,2
2332,1,2,2,2
2333,1,3,3,3
2334,1,1,1,1
2335,1,2,2,2
2336,2,6,6,6
2337,2,6,6,6
2338,1,2,2,2
2339,2,5,5,5
2340,1,2,2,2
2341,4,9,8,8
2342,5,7,7,7
2343,5,7,7,7
2344,5,7,7,7
2345,1,2,2,2
2346,6,4,5,4
2347,1,1,1,1
2348,1,2,2,2
2349,1,2,2,2
2350,3,3,4,3
2351,2,2,4,2
2352,3,3,4,3
2353,1,3,3,3
2354,1,4,4,4
2355,1,2,2,2
2356,1,2,2,2
2357,2,4,4,4
2358,1,2,2,2
2359,1,2,2,2
2360,2,4,4,4
2361,2,3,3,3
2362,1,2,2,2
2363,1,2,2,2
2364,4,7,7,7
2365,4,5,5,5
2366,5,6,6,6
2367,2,5,5,5
2368,5,6,6,6
2369,5,6,6,6
2370,5,6,6,6
2371,1,4,5,4
2372,1,2,1,1
2373,1,2,3,2
2374,1,2,3,2
2375,1,2,3,2
2376,1,2,3,2
2377,3,8,8,8
2378,1,8,8,8
2379,5,11,10,10
2380,5,8,6,6
2381,2,1,5,1
2382,5,4,4,4
2383,1,3,3,3
2384,3,7,5,5
2385,1,1,1,1
2386,9,9,11,9
2387,1,2,2,2
2388,1,2,2,2
2389,1,11,13,11
2390,5,6,6,6
2391,5,5,6,5
2392,1,10,5,5
2393,1,2,2,2
2394,7,7,7,7
2395,5,7,7,7
2396,1,2,2,2
2397,1,3,3,3
2398,1,3,3,3
2399,1,2,4,2
2400,1,12,17,12
2401,1,2,4,2
2402,2,7,7,7
2403,2,6,6,6
2404,1,3,4,3
2405,1,9,12,9
2406,1,5,5,5
2407,1,9,12,9
2408,2,4,4,4
2409,2,4,4,4
2410,5,6,6,6
2411,1,3,3,3
2412,1,4,4,4
2413,1,2,2,2
2414,1,4,4,4
2415,1,2,2,2
2416,3,7,7,7
2417,2,3,3,3
2418,6,7,7,7
2419,1,5,5,5
2420,4,6,6,6
2421,1,3,3,3
2422,2,6,6,6
2423,3,7,7,7
2424,3,7,7,7
2425,2,3,3,3
2426,1,0,1,0
2427,1,0,1,0
2428,3,5,5,5
2429,1,3,3,3
2430,1,2,2,2
2431,4,4,4,4
2432,4,4,4,4
2433,4,4,4,4
2434,4,6,6,6
2435,1,3,3,3
2436,1,3,3,3
2437,1,6,6,6
2438,1,6,6,6
2439,1,5,5,5
2440,3,9,9,9
2441,6,8,8,8
2442,1,4,4,4
2443,1,8,6,6
2444,1,9,9,9
2445,1,4,4,4
2446,1,4,5,4
2447,1,3,1,1
2448,3,5,5,5
2449,3,5,5,5
2450,3,5,5,5
2451,3,5,5,5
2452,3,5,5,5
2453,3,5,5,5
2454,3,5,5,5
2455,3,5,5,5
2456,3,5,5,5
2457,3,8,8,8
2458,3,5,5,5
2459,3,5,5,5
2460,3,5,6,5
2461,3,5,5,5
2462,3,5,5,5
2463,3,5,5,5
2464,3,5,5,5
2465,3,4,4,4
2466,3,4,4,4
2467,3,4,4,4
2468,3,4,4,4
2469,3,4,4,4
2470,3,4,4,4
2471,3,4,4,4
2472,3,4,4,4
2473,3,4,4,4
2474,3,4,4,4
2475,3,4,4,4
2476,3,4,4,4
2477,3,5,5,5
2478,3,5,5,5
2479,3,5,5,5
2480,3,5,5,5
2481,3,5,5,5
2482,3,5,5,5
2483,3,5,5,5
2484,3,5,5,5
2485,3,5,5,5
2486,3,5,5,5
2487,3,5,5,5
2488,3,4,4,4
2489,1,4,4,4
2490,5,7,7,7
2491,5,8,8,8
2492,3,5,5,5
2493,3,5,5,5
2494,3,4,4,4
2495,3,10,7,7
2496,3,10,10,10
2497,3,4,4,4
2498,3,4,4,4
2499,3,4,4,4
2500,3,4,4,4
2501,3,4,4,4
2502,3,4,4,4
2503,3,4,4,4
2504,3,4,4,4
2505,3,4,4,4
2506,3,7,10,7
2507,1,6,6,6
2508,3,7,7,7
2509,1,4,2,2
2510,1,2,3,2
2511,1,4,4,4
2512,1,5,5,5
2513,1,1,1,1
2514,1,2,2,2
2515,1,4,2,2
2516,1,6,6,6
2517,5,7,7,7
2518,1,2,2,2
2519,1,5,5,5
2520,2,4,4,4
2521,1,1,1,1
2522,1,1,1,1
2523,1,1,1,1
2524,1,1,1,1
2525,1,1,1,1
2526,1,1,3,1
2527,1,1,1,1
2528,1,4,4,4
2529,4,9,9,9
2530,1,1,3,1
2531,1,1,1,1
2532,1,8,1,1
2533,1,8,1,1
2534,1,2,2,2
2535,1,1,3,1
2536,1,2,2,2
2537,1,2,2,2
2538,1,1,1,1
2539,1,1,1,1
2540,1,8,1,1
2541,1,4,4,4
2542,1,9,6,6
2543,1,3,1,1
2544,1,5,5,5
2545,4,9,9,9
2546,3,4,4,4
2547,6,6,11,6
2548,4,4,6,4
2549,4,4,6,4
2550,4,2,6,2
2551,4,2,0,0
2552,4,2,0,0
2553,1,1,2,1
2554,2,6,6,6
2555,3,3,6,3
2556,3,4,6,4
2557,2,3,4,3
2558,2,4,4,4
2559,2,1,1,1
2560,2,4,4,4
2561,7,8,8,8
2562,1,3,3,3
2563,2,6,6,6
2564,2,6,6,6
2565,2,6,7,6
2566,2,3,4,3
2567,1,3,3,3
2568,1,3,3,3
2569,3,4,4,4
2570,3,3,2,2
2571,3,3,6,3
2572,4,4,4,4
2573,7,6,6,6
2574,7,6,6,6
2575,8,8,8,8
2576,1,3,7,3
2577,4,6,6,6
2578,1,4,4,4
2579,1,1,1,1
2580,1,3,1,1
2581,1,2,2,2
2582,1,2,2,2
2583,1,1,1,1
2584,1,1,1,1
2585,1,1,1,1
2586,1,1,1,1
2587,1,1,1,1
2588,1,1,1,1
2589,1,1,1,1
2590,1,8,8,8
2591,1,2,2,2
2592,2,3,3,3
2593,3,5,5,5
2594,2,5,5,5
2595,3,4,4,4
2596,3,4,4,4
2597,2,4,4,4
2598,6,9,9,9
2599,1,5,5,5
2600,1,1,1,1
2601,5,9,9,9
2602,1,3,3,3
2603,1,9,9,9
2604,1,3,3,3
2605,1,3,3,3
2606,2,10,10,10
2607,2,4,4,4
2608,2,4,4,4
2609,1,2,4,2
2610,1,2,2,2
2611,1,2,2,2
2612,1,2,2,2
2613,1,1,1,1
2614,1,3,3,3
2615,1,2,2,2
2616,1,2,2,2
2617,1,2,2,2
2618,1,1,1,1
2619,1,3,3,3
2620,1,3,3,3
2621,1,2,2,2
2622,1,2,2,2
2623,1,1,1,1
2624,1,3,1,1
2625,3,10,10,10
2626,1,6,6,6
2627,1,6,6,6
2628,1,6,6,6
2629,1,6,6,6
2630,1,1,3,1
2631,1,1,4,1
2632,1,5,5,5
2633,1,1,3,1
2634,1,1,1,1
2635,1,1,1,1
2636,1,2,2,2
2637,1,2,2,2
2638,1,2,4,2
2639,1,2,4,2
2640,1,1,1,1
2641,1,2,2,2
2642,1,1,3,1
2643,1,2,2,2
2644,1,1,1,1
2645,1,1,3,1
2646,1,1,1,1
2647,1,4,1,1
2648,1,2,2,2
2649,1,2,2,2
2650,1,2,2,2
2651,1,2,2,2
2652,1,1,1,1
2653,1,1,1,1
2654,1,1,1,1
2655,1,5,3,3
2656,1,5,3,3
2657,1,1,1,1
2658,1,1,1,1
2659,1,7,2,2
2660,1,1,1,1
2661,1,5,3,3
2662,1,2,6,2
2663,1,4,3,3
2664,1,3,3,3
2665,1,3,3,3
2666,1,7,8,7
2667,1,5,4,4
2668,3,4,4,4
2669,2,4,5,4
2670,7,7,8,7
2671,1,2,2,2
2672,1,2,1,1
2673,1,2,1,1
2674,3,6,4,4
2675,4,6,6,6
2676,1,6,5,5
2677,1,11,11,11
2678,1,4,3,3
2679,1,4,3,3
2680,2,7,7,7
2681,3,10,7,7
2682,1,2,1,1
2683,1,1,2,1
2684,1,1,2,1
2685,2,3,3,3
2686,2,7,7,7
2687,2,9,9,9
2688,2,4,4,4
2689,2,4,4,4
2690,1,10,13,10
2691,6,10,10,10
2692,2,2,2,2
2693,1,2,1,1
2694,2,0,5,0
2695,1,2,1,1
2696,1,2,1,1
2697,1,2,1,1
2698,2,0,1,0
2699,1,2,1,1
2700,1,2,1,1
2701,1,0,1,0
2702,1,1,3,1
2703,1,2,1,1
2704,1,0,5,0
2705,1,1,3,1
2706,1,2,2,2
2707,1,1,0,0
2708,1,1,5,1
2709,1,0,1,0
2710,1,2,1,1
2711,1,2,1,1
2712,1,2,1,1
2713,1,2,1,1
2714,1,2,1,1
2715,1,2,3,2
2716,1,1,3,1
2717,1,2,2,2
2718,4,16,16,16
2719,4,16,16,16
2720,1,3,2,2
2721,1,8,8,8
2722,3,11,11,11
2723,3,9,8,8
2724,3,3,6,3
2725,3,4,1,1
2726,1,1,4,1
2727,1,1,5,1
2728,1,7,3,3
2729,1,7,3,3
2730,1,7,3,3
2731,1,6,6,6
2732,1,7,3,3
2733,1,6,6,6
2734,1,6,6,6
2735,1,6,6,6
2736,3,4,6,4
2737,2,2,2,2
2738,2,2,2,2
2739,5,7,5,5
2740,2,2,2,2
2741,7,5,5,5
2742,1,3,3,3
2743,12,13,13,13
2744,1,4,4,4
2745,1,4,4,4
2746,1,1,7,1
2747,1,4,1,1
2748,1,1,7,1
2749,1,1,7,1
2750,1,1,1,1
2751,1,1,1,1
2752,1,1,1,1
2753,5,7,7,7
2754,5,11,11,11
2755,1,3,3,3
2756,1,2,2,2
2757,1,1,1,1
2758,1,2,2,2
2759,1,1,1,1
2760,1,2,2,2
2761,1,2,2,2
2762,1,1,1,1
2763,1,1,1,1
2764,1,1,1,1
2765,1,1,1,1
2766,1,3,3,3
2767,1,5,5,5
2768,1,5,5,5
2769,1,5,5,5
2770,1,2,2,2
2771,1,4,4,4
2772,1,3,3,3
2773,1,4,4,4
2774,1,3,3,3
2775,1,1,1,1
2776,1,1,1,1
2777,1,1,1,1
2778,1,1,1,1
2779,1,1,1,1
2780,1,1,1,1
2781,1,1,1,1
2782,2,5,5,5
2783,1,1,1,1
2784,4,2,5,2
2785,4,5,5,5
2786,4,11,11,11
2787,4,2,2,2
2788,4,2,2,2
2789,4,6,6,6
2790,4,11,11,11
2791,1,1,1,1
2792,2,10,10,10
2793,2,10,10,10
2794,1,1,1,1
2795,1,1,2,1
2796,1,2,2,2
2797,1,1,1,1
2798,1,3,3,3
2799,1,2,2,2
2800,1,2,2,2
2801,1,1,1,1
2802,1,2,2,2
2803,1,2,2,2
2804,1,2,2,2
2805,1,2,2,2
2806,1,2,3,2
2807,1,2,2,2
2808,1,4,2,2
2809,2,8,8,8
2810,1,4,2,2
2811,2,2,2,2
2812,1,1,1,1
2813,1,2,2,2
2814,1,12,12,12
2815,1,1,1,1
2816,1,5,5,5
2817,1,1,1,1
2818,1,1,1,1
2819,1,3,3,3
2820,1,8,8,8
2821,3,4,4,4
2822,4,6,9,6
2823,1,7,7,7
2824,1,9,7,7
2825,1,7,7,7
2826,1,1,1,1
2827,1,1,1,1
2828,2,3,3,3
2829,1,1,1,1
2830,1,2,2,2
2831,1,1,1,1
2832,1,2,2,2
2833,1,2,2,2
2834,1,2,2,2
2835,1,2,2,2
2836,1,1,1,1
2837,1,1,1,1
2838,3,6,6,6
2839,3,6,6,6
2840,3,6,6,6
2841,3,6,6,6
2842,5,3,3,3
2843,1,3,3,3
2844,4,6,5,5
2845,4,6,5,5
2846,4,4,4,4
2847,1,1,1,1
2848,2,8,8,8
2849,1,7,7,7
2850,1,7,7,7
2851,1,1,1,1
2852,1,1,1,1
2853,1,1,1,1
2854,1,1,1,1
2855,2,2,2,2
2856,2,2,2,2
2857,1,1,1,1
2858,1,1,1,1
2859,1,3,3,3
2860,1,3,3,3
2861,1,1,1,1
2862,1,3,3,3
2863,1,1,1,1
2864,1,3,3,3
2865,1,3,3,3
2866,1,4,4,4
2867,1,4,4,4
2868,1,5,5,5
2869,1,2,2,2
2870,1,1,1,1
2871,1,8,9,8
2872,4,8,8,8
2873,1,3,3,3
2874,1,2,2,2
2875,1,3,3,3
2876,1,3,3,3
2877,1,3,3,3
2878,3,3,6,3
2879,4,5,14,5
2880,2,6,6,6
2881,1,1,1,1
2882,2,6,6,6
2883,15,11,13,11
2884,3,4,4,4
2885,3,4,4,4
2886,3,4,4,4
2887,3,4,4,4
2888,3,4,4,4
2889,3,4,4,4
2890,3,5,5,5
2891,3,5,5,5
2892,3,7,7,7
2893,3,5,5,5
2894,3,6,6,6
2895,3,4,4,4
2896,3,3,4,3
2897,3,3,4,3
2898,3,5,3,3
2899,3,5,8,5
2900,3,5,6,5
2901,3,6,4,4
2902,2,4,4,4
2903,1,2,1,1
2904,1,2,1,1
2905,4,6,6,6
2906,4,6,6,6
2907,7,8,7,7
2908,7,8,7,7
2909,5,5,5,5
2910,4,8,8,8
2911,1,1,1,1
2912,1,4,4,4
2913,2,2,3,2
2914,2,2,2,2
2915,1,2,2,2
2916,1,5,5,5
2917,1,4,3,3
2918,1,1,1,1
2919,1,2,2,2
2920,1,3,3,3
2921,1,2,2,2
2922,1,2,2,2
2923,4,7,8,7
2924,1,4,2,2
2925,1,4,4,4
2926,1,5,5,5
2927,1,7,7,7
2928,1,9,9,9
2929,1,1,2,1
2930,1,1,2,1
2931,1,2,2,2
2932,3,4,4,4
2933,1,2,2,2
2934,1,2,2,2
2935,1,3,7,3
2936,1,1,1,1
2937,1,2,2,2
2938,1,3,3,3
2939,1,2,2,2
2940,1,5,5,5
2941,1,4,1,1
2942,1,2,2,2
2943,1,4,7,4
2944,1,2,2,2
2945,1,1,3,1
2946,1,1,3,1
2947,1,1,1,1
2948,1,1,1,1
2949,1,1,3,1
2950,1,1,3,1
2951,1,4,4,4
2952,1,2,4,2
2953,1,2,4,2
2954,1,2,4,2
2955,2,2,4,2
2956,1,3,3,3
2957,1,3,3,3
2958,1,6,6,6
2959,1,3,3,3
2960,1,6,6,6
2961,1,3,3,3
2962,1,3,6,3
2963,1,4,4,4
2964,1,6,6,6
2965,1,3,3,3
2966,1,2,2,2
2967,2,4,7,4
2968,1,1,2,1
2969,1,1,3,1
2970,1,3,4,3
2971,1,1,1,1
2972,1,1,2,1
2973,1,3,3,3
2974,1,1,2,1
2975,1,1,2,1
2976,1,2,2,2
2977,1,2,2,2
2978,1,1,2,1
2979,1,1,4,1
2980,1,1,1,1
2981,1,1,1,1
2982,1,1,1,1
2983,1,3,4,3
2984,1,1,3,1
2985,1,3,3,3
2986,2,2,4,2
2987,1,1,2,1
2988,1,2,2,2
2989,1,2,2,2
2990,1,3,4,3
2991,1,3,4,3
2992,1,1,2,1
2993,1,1,2,1
2994,1,3,3,3
2995,1,3,3,3
2996,1,3,3,3
2997,1,1,2,1
2998,1,1,2,1
2999,2,5,5,5
3000,1,2,2,2
3001,2,2,3,2
3002,2,2,3,2
3003,1,1,2,1
3004,1,3,1,1
3005,1,3,3,3
3006,2,3,3,3
3007,2,4,4,4
3008,2,10,15,10
3009,2,5,5,5
3010,3,8,8,8
3011,2,5,3,3
3012,6,8,11,8
3013,3,6,8,6
3014,3,6,6,6
3015,2,7,7,7
3016,1,2,2,2
3017,1,2,2,2
3018,1,5,3,3
3019,1,5,3,3
3020,1,5,3,3
3021,3,6,6,6
3022,1,8,8,8
3023,8,9,9,9
3024,1,1,1,1
3025,1,8,8,8
3026,1,5,5,5
3027,1,4,4,4
3028,1,4,3,3
3029,1,4,3,3
3030,1,1,2,1
3031,1,1,1,1
3032,1,6,6,6
3033,1,1,2,1
3034,1,4,4,4
3035,1,3,3,3
3036,1,1,2,1
3037,1,5,6,5
3038,1,2,2,2
3039,8,11,10,10
3040,2,4,5,4
3041,2,4,4,4
3042,2,4,5,4
3043,3,4,7,4
3044,3,3,5,3
3045,4,5,6,5
3046,3,3,4,3
3047,2,4,4,4
3048,3,4,3,3
3049,2,10,10,10
3050,1,1,2,1
3051,2,4,4,4
3052,2,4,4,4
3053,3,3,3,3
3054,3,3,4,3
3055,3,3,5,3
3056,2,10,10,10
3057,5,8,8,8
3058,3,4,7,4
3059,2,4,5,4
3060,3,4,4,4
3061,3,4,7,4
3062,5,6,6,6
3063,5,6,6,6
3064,4,5,5,5
3065,5,6,6,6
3066,5,6,6,6
3067,5,6,6,6
3068,5,6,6,6
3069,7,10,9,9
3070,1,4,4,4
3071,1,5,5,5
3072,1,3,3,3
3073,3,4,5,4
3074,3,4,4,4
3075,3,4,4,4
3076,3,4,4,4
3077,3,7,8,7
3078,3,5,13,5
3079,3,5,5,5
3080,3,4,12,4
3081,3,5,13,5
3082,3,6,6,6
3083,1,4,4,4
3084,3,14,14,14
3085,1,4,4,4
3086,9,15,15,15
3087,1,3,3,3
3088,4,11,11,11
3089,1,2,2,2
3090,1,2,2,2
3091,2,4,4,4
3092,1,2,2,2
3093,1,9,8,8
3094,8,10,10,10
3095,1,2,1,1
3096,1,2,2,2
3097,3,5,5,5
3098,1,3,3,3
3099,1,9,8,8
3100,1,2,4,2
3101,8,14,14,14
3102,8,14,14,14
3103,4,11,7,7
3104,1,5,2,2
3105,1,6,6,6
3106,1,2,2,2
3107,1,3,3,3
3108,1,4,4,4
3109,1,3,3,3
3110,1,17,17,17
3111,1,1,1,1
3112,1,10,10,10
3113,1,1,1,1
3114,1,17,17,17
3115,1,1,2,1
3116,1,3,3,3
3117,1,4,4,4
3118,1,4,4,4
3119,1,1,1,1
3120,1,2,4,2
3121,1,6,6,6
3122,1,4,4,4
3123,1,2,1,1
3124,1,2,2,2
3125,1,3,3,3
3126,1,6,5,5
3127,1,17,17,17
3128,1,4,4,4
3129,1,3,3,3
3130,1,8,8,8
3131,1,7,7,7
3132,5,8,8,8
3133,1,1,2,1
3134,4,4,4,4
3135,3,4,4,4
3136,3,4,4,4
3137,3,7,5,5
3138,1,2,3,2
3139,10,14,14,14
3140,4,5,5,5
3141,4,5,5,5
3142,4,5,5,5
3143,4,4,5,4
3144,5,7,7,7
3145,4,4,4,4
3146,1,3,3,3
3147,2,3,3,3
3148,3,6,6,6
3149,1,7,7,7
3150,1,2,2,2
3151,1,3,4,3
3152,1,7,2,2
3153,1,11,5,5
3154,1,4,4,4
3155,1,3,3,3
3156,1,27,33,27
3157,1,76,76,76
3158,1,4,4,4
3159,1,3,3,3
3160,1,17,17,17
3161,1,5,2,2
3162,1,2,2,2
3163,4,6,6,6
3164,1,2,4,2
3165,1,6,5,5
3166,1,3,3,3
3167,1,3,3,3
3168,1,6,6,6
3169,1,3,3,3
3170,1,2,2,2
3171,1,3,3,3
3172,4,5,4,4
3173,1,4,4,4
3174,1,4,4,4
3175,1,4,4,4
3176,1,3,3,3
3177,1,3,3,3
3178,1,2,4,2
3179,1,4,4,4
3180,1,3,3,3
3181,2,5,5,5
3182,1,2,4,2
3183,1,3,3,3
3184,1,4,6,4
3185,1,3,3,3
3186,1,3,3,3
3187,1,2,2,2
3188,1,2,2,2
3189,1,3,3,3
3190,1,3,3,3
3191,1,4,4,4
3192,1,17,17,17
3193,1,2,4,2
3194,1,4,4,4
3195,1,2,2,2
3196,1,2,2,2
3197,1,3,3,3
3198,1,8,8,8
3199,1,2,4,2
3200,1,6,6,6
3201,1,4,4,4
3202,1,2,2,2
3203,1,4,4,4
3204,1,3,3,3
3205,1,2,2,2
3206,1,3,4,3
3207,1,2,2,2
3208,1,2,2,2
3209,5,6,6,6
3210,5,9,9,9
3211,7,9,2,2
3212,1,2,2,2
3213,4,3,3,3
3214,4,2,1,1
3215,1,1,2,1
3216,5,8,8,8
3217,2,8,9,8
3218,1,5,5,5
3219,1,4,4,4
3220,1,9,7,7
3221,1,4,4,4
3222,1,4,4,4
3223,4,6,6,6
3224,1,2,2,2
3225,1,2,2,2
3226,1,6,5,5
3227,1,9,9,9
3228,1,2,2,2
3229,1,5,2,2
3230,1,3,3,3
3231,1,27,33,27
3232,1,3,3,3
3233,1,6,6,6
3234,1,5,2,2
3235,1,76,76,76
3236,1,3,3,3
3237,1,1,1,1
3238,1,8,8,8
3239,1,2,2,2
3240,1,8,8,8
3241,1,5,5,5
3242,1,2,2,2
3243,1,10,10,10
3244,5,7,6,6
3245,1,7,6,6
3246,1,6,7,6
3247,1,6,6,6
3248,1,7,7,7
3249,1,6,7,6
3250,1,7,7,7
3251,1,3,3,3
3252,1,12,10,10
3253,1,13,13,13
3254,1,3,3,3
3255,2,4,4,4
3256,1,6,7,6
3257,1,6,7,6
3258,1,6,7,6
3259,1,4,9,4
3260,1,3,3,3
3261,1,3,4,3
3262,1,8,8,8
3263,1,3,3,3
3264,1,6,7,6
3265,1,11,11,11
3266,1,8,8,8
3267,1,3,4,3
3268,1,2,2,2
3269,1,3,3,3
3270,1,7,7,7
3271,1,6,7,6
3272,1,8,8,8
3273,1,9,7,7
3274,1,12,12,12
3275,1,3,4,3
3276,1,6,7,6
3277,1,6,7,6
3278,1,6,7,6
3279,7,7,7,7
3280,1,1,1,1
3281,12,12,13,12
3282,1,3,3,3
3283,5,8,9,8
3284,11,13,13,13
3285,5,9,9,9
3286,1,6,6,6
3287,1,4,4,4
3288,1,10,11,10
3289,1,10,6,6
3290,1,2,2,2
3291,1,1,1,1
3292,2,3,3,3
3293,2,5,5,5
3294,1,3,3,3
3295,1,1,2,1
3296,1,3,3,3
3297,1,10,11,10
3298,1,1,1,1
3299,1,2,2,2
3300,1,10,6,6
3301,1,3,4,3
3302,1,2,2,2
3303,2,3,3,3
3304,2,5,5,5
3305,1,4,4,4
3306,1,6,6,6
3307,1,4,4,4
3308,1,1,2,1
3309,1,1,2,1
3310,6,8,6,6
3311,1,4,4,4
3312,5,8,9,8
3313,3,6,6,6
3314,1,5,4,4
3315,4,4,4,4
3316,1,1,1,1
3317,1,3,3,3
3318,1,3,3,3
3319,5,3,3,3
3320,7,7,8,7
3321,1,1,1,1
3322,2,19,19,19
3323,1,1,1,1
3324,1,1,1,1
3325,1,66,68,66
3326,1,1,1,1
3327,2,10,10,10
3328,1,1,1,1
3329,2,4,4,4
3330,1,4,4,4
3331,9,13,13,13
3332,9,13,13,13
3333,6,6,6,6
3334,6,6,6,6
3335,6,7,7,7
3336,1,1,1,1
3337,2,2,2,2
3338,1,1,1,1
3339,1,30,34,30
3340,1,4,4,4
3341,1,2,2,2
3342,1,5,6,5
3343,1,4,4,4
3344,1,4,4,4
3345,1,4,4,4
3346,1,1,2,1
3347,1,4,4,4
3348,1,1,1,1
3349,1,66,68,66
3350,1,4,4,4
3351,1,4,4,4
3352,1,2,2,2
3353,1,4,4,4
3354,2,2,2,2
3355,1,2,3,2
3356,1,2,2,2
3357,1,3,3,3
3358,1,13,13,13
3359,3,9,9,9
3360,3,7,8,7
3361,3,6,6,6
3362,3,6,6,6
3363,4,6,7,6
3364,4,6,6,6
3365,4,5,5,5
3366,4,5,5,5
3367,4,5,5,5
3368,1,4,4,4
3369,1,3,3,3
3370,1,2,2,2
3371,1,5,5,5
3372,1,4,4,4
3373,1,5,5,5
3374,1,3,3,3
3375,1,2,2,2
3376,1,3,3,3
3377,1,2,2,2
3378,1,1,1,1
3379,1,8,8,8
3380,1,16,8,8
3381,1,1,2,1
3382,1,1,1,1
3383,1,5,5,5
3384,1,3,4,3
3385,1,1,2,1
3386,1,1,1,1
3387,1,1,2,1
3388,1,1,2,1
3389,1,2,2,2
3390,2,3,5,3
3391,4,7,6,6
3392,9,9,9,9
3393,2,4,4,4
3394,5,6,6,6
3395,5,6,6,6
3396,5,6,6,6
3397,5,6,6,6
3398,5,6,6,6
3399,5,6,6,6
3400,6,11,11,11
3401,6,11,11,11
3402,6,11,11,11
3403,1,1,1,1
3404,6,9,9,9
3405,2,2,6,2
3406,4,6,6,6
3407,1,1,1,1
3408,1,3,3,3
3409,1,4,4,4
3410,1,6,6,6
3411,1,1,1,1
3412,1,1,1,1
3413,4,5,5,5
3414,4,5,5,5
3415,2,7,7,7
3416,2,6,6,6
3417,1,5,5,5
3418,2,3,3,3
3419,2,3,3,3
3420,1,0,1,0
3421,1,1,1,1
3422,1,2,2,2
3423,5,6,6,6
3424,1,1,1,1
3425,1,4,4,4
3426,1,3,3,3
3427,1,1,1,1
3428,1,2,2,2
3429,1,3,3,3
3430,1,2,2,2
3431,3,5,5,5
3432,1,1,1,1
3433,3,7,7,7
3434,1,1,1,1
3435,1,5,4,4
3436,1,1,1,1
3437,1,1,1,1
3438,1,5,5,5
3439,1,1,1,1
3440,1,3,3,3
3441,1,2,2,2
3442,1,3,3,3
3443,1,7,7,7
3444,3,6,6,6
3445,3,6,6,6
3446,1,2,2,2
3447,1,2,4,2
3448,1,9,7,7
3449,4,7,7,7
3450,1,2,4,2
3451,1,2,2,2
3452,1,2,4,2
3453,1,2,2,2
3454,1,2,4,2
3455,1,5,5,5
3456,1,4,3,3
3457,3,7,7,7
3458,1,2,2,2
3459,1,1,2,1
3460,1,2,2,2
3461,4,7,10,7
3462,3,6,6,6
3463,3,5,5,5
3464,1,2,2,2
3465,1,2,1,1
3466,1,2,2,2
3467,1,2,1,1
3468,3,6,6,6
3469,1,9,9,9
3470,1,2,2,2
3471,1,3,3,3
3472,8,10,10,10
3473,2,4,4,4
3474,1,6,6,6
3475,3,4,4,4
3476,4,9,9,9
3477,3,4,4,4
3478,1,3,2,2
3479,1,1,1,1
3480,1,3,2,2
3481,1,1,1,1
3482,1,2,2,2
3483,1,4,4,4
3484,1,3,3,3
3485,1,2,2,2
3486,1,9,8,8
3487,1,3,15,3
3488,1,2,2,2
3489,1,2,2,2
3490,1,2,2,2
3491,1,3,1,1
3492,1,2,2,2
3493,1,1,1,1
3494,1,2,2,2
3495,1,2,2,2
3496,1,3,2,2
3497,1,1,1,1
3498,1,1,1,1
3499,1,4,3,3
3500,1,5,5,5
3501,1,2,4,2
3502,1,2,2,2
3503,1,3,2,2
3504,1,1,1,1
3505,1,1,1,1
3506,1,5,5,5
3507,1,1,2,1
3508,1,1,2,1
3509,1,6,6,6
3510,1,4,4,4
3511,1,2,2,2
3512,1,3,3,3
3513,1,9,9,9
3514,1,5,5,5
3515,1,4,4,4
3516,1,4,4,4
3517,1,4,4,4
3518,1,4,4,4
3519,1,3,5,3
3520,1,5,5,5
3521,1,5,5,5
3522,1,4,4,4
3523,1,4,4,4
3524,4,5,7,5
3525,1,2,2,2
3526,2,2,2,2
3527,2,2,2,2
3528,6,8,9,8
3529,1,8,10,8
3530,1,3,3,3
3531,3,6,6,6
3532,3,11,11,11
3533,2,3,8,3
3534,4,6,6,6
3535,4,6,6,6
3536,4,0,2,0
3537,1,1,1,1
3538,2,3,3,3
3539,9,9,14,9
3540,9,11,11,11
3541,3,7,6,6
3542,2,2,3,2
3543,2,3,11,3
3544,4,5,7,5
3545,4,6,7,6
3546,3,5,5,5
3547,1,1,2,1
3548,1,0,1,0
3549,1,1,3,1
3550,1,1,3,1
3551,1,0,1,0
3552,1,0,1,0
3553,1,1,3,1
3554,1,4,4,4
3555,2,5,7,5
3556,2,5,7,5
3557,1,3,3,3
3558,6,6,6,6
3559,5,9,9,9
3560,1,15,6,6
3561,2,5,5,5
3562,7,8,8,8
3563,9,9,10,9
3564,4,6,6,6
3565,4,5,5,5
3566,4,5,5,5
3567,4,5,5,5
3568,4,5,5,5
3569,4,6,6,6
3570,4,12,12,12
3571,5,12,12,12
3572,1,4,3,3
3573,3,9,9,9
3574,3,11,11,11
3575,4,5,7,5
3576,3,5,5,5
3577,3,5,5,5
3578,3,5,5,5
3579,3,7,6,6
3580,2,4,4,4
3581,2,4,4,4
3582,3,5,5,5
3583,3,8,7,7
3584,3,8,7,7
3585,2,5,5,5
3586,3,8,8,8
3587,3,5,5,5
3588,3,5,5,5
3589,4,5,5,5
3590,4,6,6,6
3591,1,2,2,2
3592,2,3,4,3
3593,1,3,2,2
3594,1,6,6,6
3595,2,14,14,14
3596,4,6,7,6
3597,7,7,9,7
3598,7,8,9,8
3599,7,10,10,10
3600,9,10,11,10
3601,6,9,9,9
3602,1,7,7,7
3603,1,7,7,7
3604,5,6,6,6
3605,1,2,2,2
3606,1,8,8,8
3607,1,5,5,5
3608,6,7,7,7
3609,3,4,4,4
3610,3,4,4,4
3611,2,3,3,3
3612,1,2,3,2
3613,1,1,1,1
3614,1,1,1,1
3615,3,5,5,5
3616,2,5,6,5
3617,1,1,5,1
3618,1,2,2,2
3619,1,1,5,1
3620,1,1,5,1
3621,1,3,3,3
3622,3,5,5,5
3623,3,3,4,3
3624,3,5,5,5
3625,1,4,4,4
3626,2,3,3,3
3627,1,2,2,2
3628,2,10,10,10
3629,1,2,2,2
3630,5,10,9,9
3631,1,9,9,9
3632,4,7,8,7
3633,4,6,6,6
3634,2,3,5,3
3635,3,5,5,5
3636,1,4,2,2
3637,3,4,4,4
3638,3,4,4,4
3639,1,2,2,2
3640,8,15,9,9
3641,3,13,13,13
3642,2,3,2,2
3643,2,3,2,2
3644,5,9,9,9
3645,5,5,6,5
3646,1,4,4,4
3647,1,5,5,5
3648,3,8,8,8
3649,3,8,8,8
3650,5,7,7,7
3651,1,3,4,3
3652,1,2,2,2
3653,1,5,5,5
3654,1,4,2,2
3655,3,6,8,6
3656,1,6,6,6
3657,2,3,3,3
3658,2,3,3,3
3659,1,5,5,5
3660,1,1,2,1
3661,8,8,9,8
3662,4,6,6,6
3663,5,6,6,6
3664,5,8,7,7
3665,5,5,7,5
3666,5,5,7,5
3667,1,3,3,3
3668,2,8,8,8
3669,2,3,2,2
3670,2,3,2,2
3671,2,4,4,4
3672,1,3,3,3
3673,5,8,8,8
3674,3,8,8,8
3675,2,2,3,2
3676,5,6,6,6
3677,1,3,3,3
3678,2,4,4,4
3679,5,9,9,9
3680,5,6,6,6
3681,1,1,4,1
3682,1,3,2,2
3683,1,1,1,1
3684,1,3,2,2
3685,1,3,2,2
3686,1,1,1,1
3687,6,8,9,8
3688,1,1,1,1
3689,4,6,6,6
3690,4,6,6,6
3691,6,10,7,7
3692,1,2,2,2
3693,1,2,2,2
3694,1,3,4,3
3695,1,5,5,5
3696,4,5,5,5
3697,4,5,5,5
3698,4,5,5,5
3699,2,0,1,0
3700,2,1,1,1
3701,1,1,4,1
3702,1,3,3,3
3703,1,3,3,3
3704,3,3,4,3
3705,1,2,2,2
3706,1,1,3,1
3707,1,1,3,1
3708,1,4,3,3
3709,1,4,3,3
3710,1,1,3,1
3711,3,1,1,1
3712,2,4,5,4
3713,4,7,7,7
3714,4,7,7,7
3715,6,7,6,6
3716,6,7,6,6
3717,1,0,1,0
3718,1,0,1,0
3719,1,2,2,2
3720,1,2,2,2
3721,1,1,1,1
3722,1,1,1,1
3723,6,8,8,8
3724,3,6,7,6
3725,3,4,7,4
3726,6,8,9,8
3727,4,5,5,5
3728,10,10,10,10
3729,10,10,10,10
3730,7,7,7,7
3731,7,7,9,7
3732,6,7,7,7
3733,6,7,9,7
3734,6,7,9,7
3735,2,2,4,2
3736,1,1,1,1
3737,1,0,1,0
3738,1,1,1,1
3739,1,0,1,0
3740,1,0,1,0
3741,1,0,1,0
3742,1,0,1,0
3743,1,1,1,1
3744,1,1,1,1
3745,1,1,0,0
3746,2,1,1,1
3747,7,7,7,7
3748,7,7,7,7
3749,6,7,7,7
3750,6,5,7,5
3751,6,7,8,7
3752,2,2,3,2
3753,1,3,2,2
3754,1,1,2,1
3755,1,3,3,3
3756,4,5,7,5
3757,4,0,4,0
3758,4,6,5,5
3759,3,4,4,4
3760,1,1,0,0
3761,5,9,9,9
3762,1,2,1,1
3763,3,3,4,3
3764,1,4,5,4
3765,1,1,2,1
3766,1,2,1,1
3767,1,0,1,0
3768,1,5,5,5
3769,1,0,1,0
3770,1,0,1,0
3771,1,2,2,2
3772,1,2,2,2
3773,1,0,1,0
3774,1,0,1,0
3775,1,0,1,0
3776,1,0,1,0
3777,1,0,1,0
3778,1,0,1,0
3779,1,0,1,0
3780,1,0,1,0
3781,1,0,1,0
3782,1,0,1,0
3783,1,0,1,0
3784,1,0,3,0
3785,1,0,1,0
3786,1,0,1,0
3787,1,0,3,0
3788,1,0,3,0
3789,1,0,3,0
3790,1,0,3,0
3791,1,0,3,0
3792,1,0,3,0
3793,1,1,1,1
3794,1,2,2,2
3795,1,0,1,0
3796,1,0,1,0
3797,2,8,2,2
3798,2,3,3,3
3799,1,14,12,12
3800,1,2,1,1
3801,1,1,1,1
3802,1,1,1,1
3803,1,3,2,2
3804,1,1,1,1
3805,1,1,1,1
3806,1,2,1,1
3807,1,5,5,5
3808,1,2,2,2
3809,3,4,4,4
3810,3,6,4,4
3811,5,5,5,5
3812,4,5,4,4
3813,3,4,4,4
3814,3,4,4,4
3815,6,5,5,5
3816,6,6,8,6
3817,6,6,6,6
3818,7,7,7,7
3819,6,7,7,7
3820,7,7,9,7
3821,6,7,9,7
3822,6,6,8,6
3823,4,4,4,4
3824,4,4,4,4
3825,4,4,4,4
3826,4,4,4,4
3827,4,4,4,4
3828,4,4,4,4
3829,1,3,3,3
3830,4,4,4,4
3831,1,1,1,1
3832,1,2,2,2
3833,2,3,3,3
3834,2,2,2,2
3835,1,3,3,3
3836,1,8,7,7
3837,1,7,8,7
3838,4,5,7,5
3839,4,5,7,5
3840,4,5,7,5
3841,4,5,7,5
3842,4,5,7,5
3843,3,5,6,5
3844,1,1,1,1
3845,1,2,2,2
3846,4,5,5,5
3847,4,4,4,4
3848,4,4,4,4
3849,4,4,4,4
3850,1,3,3,3
3851,1,2,2,2
3852,5,1,2,1
3853,1,4,4,4
3854,3,4,4,4
3855,3,3,3,3
3856,1,3,3,3
3857,1,3,3,3
3858,1,1,1,1
3859,5,7,7,7
3860,3,4,2,2
3861,1,2,2,2
3862,1,3,1,1
3863,1,3,3,3
3864,1,5,5,5
3865,1,5,5,5
3866,1,3,3,3
3867,1,2,2,2
3868,1,2,2,2
3869,1,2,2,2
3870,1,2,2,2
3871,1,3,3,3
3872,1,1,1,1
3873,1,1,1,1
3874,1,3,3,3
3875,1,4,4,4
3876,1,4,4,4
3877,1,4,4,4
3878,1,5,5,5
3879,1,5,4,4
3880,1,2,1,1
3881,1,1,2,1
3882,1,2,2,2
3883,1,2,2,2
3884,1,2,2,2
3885,1,2,2,2
3886,1,2,2,2
3887,1,2,2,2
3888,1,2,2,2
3889,1,2,2,2
3890,1,2,2,2
3891,1,2,2,2
3892,1,2,2,2
3893,1,2,2,2
3894,1,2,2,2
3895,1,2,2,2
3896,1,2,2,2
3897,1,2,2,2
3898,1,2,2,2
3899,1,2,2,2
3900,1,2,2,2
3901,1,2,2,2
3902,1,2,2,2
3903,1,2,2,2
3904,1,2,2,2
3905,1,2,2,2
3906,1,3,3,3
3907,1,2,2,2
3908,1,2,2,2
3909,1,2,2,2
3910,1,3,3,3
3911,1,3,3,3
3912,1,2,2,2
3913,1,2,2,2
3914,1,2,2,2
3915,4,5,5,5
3916,4,5,5,5
3917,1,8,8,8
3918,1,2,2,2
3919,1,5,5,5
3920,2,2,6,2
3921,4,5,9,5
3922,4,5,5,5
3923,7,7,5,5
3924,2,4,4,4
3925,2,4,4,4
3926,1,3,3,3
3927,1,3,3,3
3928,1,3,3,3
3929,1,3,3,3
3930,3,4,4,4
3931,3,4,4,4
3932,3,5,5,5
3933,3,9,11,9
3934,1,7,4,4
3935,1,2,2,2
3936,1,4,4,4
3937,3,5,5,5
3938,4,0,4,0
3939,4,6,6,6
3940,8,9,9,9
3941,1,1,2,1
3942,4,6,10,6
3943,9,9,8,8
3944,9,9,8,8
3945,5,5,5,5
3946,1,1,1,1
3947,1,2,1,1
3948,1,1,1,1
3949,1,1,0,0
3950,1,0,1,0
3951,1,1,2,1
3952,1,0,1,0
3953,1,0,1,0
3954,1,3,2,2
3955,4,4,5,4
3956,4,5,5,5
3957,4,5,5,5
3958,2,2,2,2
3959,3,4,4,4
3960,6,6,7,6
3961,6,6,7,6
3962,1,6,6,6
3963,6,7,7,7
3964,1,4,5,4
3965,1,4,1,1
3966,1,2,3,2
3967,1,2,3,2
3968,1,2,3,2
3969,1,2,3,2
3970,1,2,3,2
3971,1,3,3,3
3972,3,3,3,3
3973,3,3,3,3
3974,3,4,6,4
3975,1,1,3,1
3976,1,1,3,1
3977,2,4,5,4
3978,1,3,4,3
3979,1,1,2,1
3980,3,8,5,5
3981,4,6,6,6
3982,1,5,4,4
3983,3,4,5,4
3984,7,7,7,7
3985,2,2,2,2
3986,2,2,2,2
3987,1,4,6,4
3988,1,4,1,1
3989,1,4,1,1
3990,2,7,7,7
3991,1,2,2,2
3992,5,5,4,4
3993,5,5,5,5
3994,5,5,5,5
3995,6,7,7,7
3996,2,3,4,3
3997,3,8,9,8
3998,4,5,5,5
3999,7,9,9,9
4000,6,6,6,6
4001,4,7,7,7
4002,2,3,3,3
4003,6,7,7,7
4004,7,8,8,8
4005,2,5,5,5
4006,2,4,4,4
4007,3,11,11,11
4008,8,8,8,8
4009,1,1,1,1
4010,2,5,5,5
4011,2,5,5,5
4012,2,5,5,5
4013,1,5,7,5
4014,4,5,5,5
4015,4,6,4,4
4016,2,6,5,5
4017,1,1,2,1
4018,1,1,2,1
4019,1,2,6,2
4020,2,6,5,5
4021,2,3,3,3
4022,7,7,7,7
4023,7,7,7,7
4024,11,12,12,12
4025,8,8,8,8
4026,4,5,5,5
4027,4,5,5,5
4028,3,9,8,8
4029,2,4,4,4
4030,3,9,8,8
4031,7,10,10,10
4032,7,8,8,8
4033,4,5,5,5
4034,5,7,7,7
4035,2,2,4,2
4036,3,3,5,3
4037,8,5,5,5
4038,8,5,5,5
4039,6,9,9,9
4040,2,4,4,4
4041,6,3,8,3
4042,6,3,3,3
4043,6,6,6,6
4044,6,6,6,6
4045,6,6,6,6
4046,6,6,6,6
4047,6,6,6,6
4048,6,6,6,6
4049,6,3,6,3
4050,6,3,6,3
4051,6,7,7,7
4052,6,7,7,7
4053,6,3,6,3
4054,6,6,6,6
4055,6,6,6,6
4056,6,6,6,6
4057,5,8,8,8
4058,5,8,8,8
4059,2,6,3,3
4060,3,4,5,4
4061,1,2,3,2
4062,2,3,3,3
4063,5,11,11,11
4064,1,4,5,4
4065,3,4,4,4
4066,3,4,4,4
4067,3,4,4,4
4068,3,4,4,4
4069,3,4,4,4
4070,3,4,4,4
4071,3,5,5,5
4072,3,4,4,4
4073,3,4,4,4
4074,3,4,4,4
4075,3,4,4,4
4076,1,5,5,5
4077,1,5,5,5
4078,5,5,5,5
4079,5,5,5,5
4080,2,4,4,4
4081,2,4,4,4
4082,2,4,4,4
4083,2,4,4,4
4084,2,4,4,4
4085,1,4,4,4
4086,1,4,4,4
4087,2,3,3,3
4088,2,3,3,3
4089,2,3,3,3
4090,2,3,3,3
4091,2,4,4,4
4092,2,4,4,4
4093,2,4,4,4
4094,2,4,5,4
4095,2,4,5,4
4096,3,5,5,5
4097,3,3,3,3
4098,3,3,3,3
4099,3,4,5,4
4100,3,4,5,4
4101,3,3,4,3
4102,3,4,4,4
4103,3,4,4,4
4104,3,3,3,3
4105,3,4,4,4
4106,3,3,3,3
4107,3,4,4,4
4108,3,8,15,8
4109,7,7,6,6
4110,1,2,3,2
4111,1,2,3,2
4112,1,6,7,6
4113,2,3,2,2
4114,6,8,8,8
4115,8,12,12,12
4116,4,6,6,6
4117,4,6,6,6
4118,8,12,12,12
4119,4,9,10,9
4120,6,6,7,6
4121,2,6,6,6
4122,2,5,5,5
4123,2,3,3,3
4124,2,6,6,6
4125,2,6,6,6
4126,2,6,6,6
4127,7,8,8,8
4128,7,8,8,8
4129,7,8,8,8
4130,7,8,8,8
4131,7,8,8,8
4132,7,8,8,8
4133,7,8,8,8
4134,1,2,2,2
4135,2,3,3,3
4136,2,3,3,3
4137,1,1,10,1
4138,1,1,10,1
4139,1,2,3,2
4140,3,7,4,4
4141,3,7,4,4
4142,3,7,4,4
4143,5,7,7,7
4144,1,4,4,4
4145,3,3,4,3
4146,2,0,3,0
4147,2,0,3,0
4148,1,4,4,4
4149,3,5,5,5
4150,4,3,2,2
4151,4,3,2,2
4152,4,3,2,2
4153,2,0,1,0
4154,4,3,2,2
4155,4,3,2,2
4156,4,3,2,2
4157,3,1,1,1
4158,3,1,1,1
4159,3,3,3,3
4160,3,6,8,6
4161,3,5,4,4
4162,3,3,3,3
4163,5,7,7,7
4164,5,7,7,7
4165,3,7,8,7
4166,4,3,2,2
4167,4,3,2,2
4168,4,3,2,2
4169,3,3,3,3
4170,2,0,1,0
4171,3,3,4,3
4172,3,3,4,3
4173,3,3,4,3
4174,2,3,5,3
4175,2,5,5,5
4176,1,1,4,1
4177,2,5,3,3
4178,3,3,1,1
4179,4,5,5,5
4180,3,3,4,3
4181,3,6,8,6
4182,1,2,3,2
4183,3,6,12,6
4184,3,12,14,12
4185,6,6,15,6
4186,6,6,15,6
4187,6,11,11,11
4188,3,13,13,13
4189,6,9,14,9
4190,3,4,4,4
4191,3,0,2,0
4192,3,3,4,3
4193,3,0,3,0
4194,3,0,1,0
4195,3,0,1,0
4196,3,0,3,0
4197,3,4,4,4
4198,3,4,4,4
4199,3,4,4,4
4200,3,4,4,4
4201,3,4,4,4
4202,3,4,4,4
4203,3,3,4,3
4204,3,3,4,3
4205,3,2,5,2
4206,6,6,15,6
4207,6,6,15,6
4208,3,8,4,4
4209,3,8,4,4
4210,6,12,13,12
4211,6,6,15,6
4212,6,6,15,6
4213,3,2,2,2
4214,3,5,9,5
4215,3,1,1,1
4216,3,0,4,0
4217,3,4,1,1
4218,3,4,1,1
4219,3,4,1,1
4220,3,4,1,1
4221,3,12,4,4
4222,6,7,7,7
4223,3,4,5,4
4224,3,12,4,4
4225,3,1,1,1
4226,3,0,10,0
4227,3,0,3,0
4228,3,4,4,4
4229,3,4,4,4
4230,3,4,4,4
4231,3,3,4,3
4232,1,1,1,1
4233,1,1,4,1
4234,1,1,1,1
4235,1,1,1,1
4236,1,2,2,2
4237,1,2,2,2
4238,2,3,2,2
4239,2,3,7,3
4240,2,3,8,3
4241,2,3,8,3
4242,2,3,8,3
4243,2,3,8,3
4244,2,3,8,3
4245,1,4,4,4
4246,1,1,3,1
4247,1,1,3,1
4248,1,1,3,1
4249,1,1,3,1
4250,1,2,2,2
4251,1,4,4,4
4252,1,1,3,1
4253,1,1,3,1
4254,1,1,3,1
4255,1,1,3,1
4256,1,1,3,1
4257,1,1,3,1
4258,1,4,4,4
4259,1,1,3,1
4260,1,1,3,1
4261,1,2,2,2
4262,1,1,3,1
4263,1,1,3,1
4264,1,1,3,1
4265,1,2,2,2
4266,1,1,3,1
4267,1,1,3,1
4268,1,1,3,1
4269,1,2,2,2
4270,1,2,2,2
4271,1,1,1,1
4272,1,1,3,1
4273,1,1,3,1
4274,1,2,2,2
4275,1,4,4,4
4276,1,1,3,1
4277,1,1,3,1
4278,1,4,4,4
4279,1,1,3,1
4280,1,1,3,1
4281,1,1,3,1
4282,6,7,7,7
4283,1,1,1,1
4284,3,3,3,3
4285,3,3,3,3
4286,2,5,5,5
4287,2,5,5,5
4288,4,8,8,8
4289,1,4,11,4
4290,1,1,3,1
4291,5,6,6,6
4292,5,7,7,7
4293,5,6,6,6
4294,5,7,7,7
4295,5,6,6,6
4296,1,1,1,1
4297,1,7,10,7
4298,1,2,2,2
4299,1,2,1,1
4300,1,2,1,1
4301,1,1,1,1
4302,3,5,5,5
4303,5,12,12,12
4304,4,5,5,5
4305,4,5,5,5
4306,6,7,6,6
4307,6,9,8,8
4308,4,5,5,5
4309,4,5,5,5
4310,4,5,5,5
4311,10,11,11,11
4312,10,11,11,11
4313,6,7,7,7
4314,7,7,5,5
4315,6,7,6,6
4316,7,10,7,7
4317,4,1,4,1
4318,4,3,6,3
4319,5,5,6,5
4320,4,3,6,3
4321,5,7,6,6
4322,5,4,7,4
4323,6,8,8,8
4324,5,12,11,11
4325,6,8,8,8
4326,5,6,6,6
4327,5,2,6,2
4328,5,6,2,2
4329,5,2,3,2
4330,5,6,6,6
4331,5,2,3,2
4332,5,3,2,2
4333,5,2,3,2
4334,5,2,3,2
4335,5,2,3,2
4336,5,12,11,11
4337,5,5,2,2
4338,5,5,5,5
4339,6,5,5,5
4340,6,3,6,3
4341,6,3,6,3
4342,6,3,6,3
4343,6,4,11,4
4344,6,5,5,5
4345,6,6,9,6
4346,6,6,9,6
4347,6,5,5,5
4348,6,4,11,4
4349,6,5,5,5
4350,5,6,6,6
4351,5,6,6,6
4352,5,5,5,5
4353,5,5,9,5
4354,5,6,6,6
4355,5,6,6,6
4356,5,5,5,5
4357,5,6,6,6
4358,7,7,6,6
4359,1,6,5,5
4360,1,3,6,3
4361,4,9,6,6
4362,1,1,1,1
4363,1,1,1,1
4364,1,1,1,1
4365,1,5,5,5
4366,1,1,1,1
4367,6,6,6,6
4368,3,4,4,4
4369,3,8,8,8
4370,4,5,5,5
4371,4,5,4,4
4372,4,4,4,4
4373,4,5,5,5
4374,4,5,5,5
4375,4,5,5,5
4376,4,5,5,5
4377,2,3,4,3
4378,4,5,5,5
4379,4,5,5,5
4380,4,5,5,5
4381,4,5,5,5
4382,4,5,5,5
4383,3,5,6,5
4384,3,8,8,8
4385,1,1,1,1
4386,1,1,1,1
4387,1,5,5,5
4388,1,1,1,1
4389,5,5,6,5
4390,5,5,6,5
4391,5,5,6,5
4392,5,5,5,5
4393,5,5,6,5
4394,5,5,6,5
4395,5,5,6,5
4396,5,5,6,5
4397,5,5,6,5
4398,5,5,6,5
4399,5,5,6,5
4400,5,5,6,5
4401,5,5,6,5
4402,1,5,5,5
4403,1,6,6,6
4404,1,0,3,0
4405,1,2,2,2
4406,1,3,4,3
4407,1,2,2,2
4408,1,2,2,2
4409,1,2,2,2
4410,1,3,4,3
4411,5,7,8,7
4412,3,5,6,5
4413,3,5,6,5
4414,3,5,6,5
4415,3,5,6,5
4416,6,8,8,8
4417,1,3,3,3
4418,5,8,8,8
4419,5,8,8,8
4420,5,7,7,7
4421,5,8,8,8
4422,5,6,6,6
4423,5,5,5,5
4424,5,6,6,6
4425,3,8,10,8
4426,1,2,4,2
4427,6,7,7,7
4428,3,8,17,8
4429,6,6,6,6
4430,6,6,6,6
4431,6,6,6,6
4432,6,6,6,6
4433,5,6,6,6
4434,5,8,8,8
4435,1,5,5,5
4436,1,1,1,1
4437,1,2,4,2
4438,9,10,11,10
4439,4,4,4,4
4440,1,5,5,5
4441,3,5,5,5
4442,3,4,4,4
4443,1,2,4,2
4444,1,1,1,1
4445,5,5,5,5
4446,1,2,2,2
4447,5,5,5,5
4448,4,4,4,4
4449,1,3,3,3
4450,1,2,2,2
4451,1,4,4,4
4452,1,6,8,6
4453,1,5,6,5
4454,1,1,2,1
4455,1,2,2,2
4456,1,2,2,2
4457,1,2,2,2
4458,1,2,2,2
4459,1,3,3,3
4460,1,4,4,4
4461,2,6,6,6
4462,5,5,3,3
4463,9,9,9,9
4464,6,8,8,8
4465,3,4,4,4
4466,1,2,2,2
4467,1,1,2,1
4468,6,7,8,7
4469,2,3,3,3
4470,2,3,3,3
4471,1,1,1,1
4472,1,1,1,1
4473,1,1,1,1
4474,1,1,1,1
4475,7,10,10,10
4476,6,7,8,7
4477,6,10,10,10
4478,6,10,10,10
4479,6,10,10,10
4480,6,10,10,10
4481,6,10,10,10
4482,4,7,7,7
4483,1,4,4,4
4484,5,7,7,7
4485,3,3,4,3
4486,2,3,3,3
4487,2,3,3,3
4488,2,3,3,3
4489,2,5,5,5
4490,1,2,2,2
4491,1,2,1,1
4492,1,2,1,1
4493,1,6,2,2
4494,1,8,7,7
4495,1,2,3,2
4496,1,2,2,2
4497,1,3,3,3
4498,1,2,3,2
4499,1,2,2,2
4500,3,6,6,6
4501,2,4,4,4
4502,13,13,14,13
4503,2,3,5,3
4504,2,3,3,3
4505,3,3,0,0
4506,2,4,4,4
4507,4,6,6,6
4508,2,4,2,2
4509,5,6,6,6
4510,2,1,6,1
4511,2,3,3,3
4512,2,3,3,3
4513,3,0,1,0
4514,4,6,6,6
4515,2,3,1,1
4516,3,4,0,0
4517,4,3,3,3
4518,2,3,3,3
4519,3,0,1,0
4520,3,4,0,0
4521,2,3,3,3
4522,2,3,6,3
4523,2,3,3,3
4524,2,3,3,3
4525,2,3,4,3
4526,2,3,3,3
4527,2,3,3,3
4528,3,3,0,0
4529,3,4,4,4
4530,2,3,3,3
4531,2,3,3,3
4532,2,4,4,4
4533,2,5,5,5
4534,3,0,1,0
4535,3,4,4,4
4536,2,4,4,4
4537,3,5,5,5
4538,3,0,1,0
4539,3,5,5,5
4540,3,4,4,4
4541,2,3,3,3
4542,2,1,6,1
4543,3,3,0,0
4544,3,3,0,0
4545,2,3,3,3
4546,2,3,1,1
4547,2,3,1,1
4548,3,3,0,0
4549,7,7,8,7
4550,7,7,5,5
4551,6,7,7,7
4552,2,1,6,1
4553,4,5,5,5
4554,3,1,2,1
4555,3,7,7,7
4556,7,8,8,8
4557,1,1,4,1
4558,1,5,5,5
4559,1,5,5,5
4560,1,2,2,2
4561,1,5,5,5
4562,1,3,3,3
4563,1,5,5,5
4564,1,5,5,5
4565,1,2,2,2
4566,1,5,5,5
4567,1,1,4,1
4568,1,3,3,3
4569,1,3,3,3
4570,1,5,5,5
4571,1,4,4,4
4572,1,4,4,4
4573,1,5,5,5
4574,1,5,5,5
4575,1,5,5,5
4576,1,5,5,5
4577,1,4,3,3
4578,1,5,6,5
4579,1,5,5,5
4580,1,5,5,5
4581,1,5,5,5
4582,1,6,6,6
4583,1,5,5,5
4584,1,5,5,5
4585,1,5,5,5
4586,1,5,5,5
4587,1,5,5,5
4588,1,2,2,2
4589,1,2,8,2
4590,1,5,5,5
4591,1,5,5,5
4592,1,3,4,3
4593,1,5,5,5
4594,1,2,3,2
4595,1,1,4,1
4596,1,5,5,5
4597,1,1,4,1
4598,1,2,2,2
4599,1,2,3,2
4600,1,4,4,4
4601,1,7,7,7
4602,1,2,3,2
4603,1,2,2,2
4604,1,4,2,2
4605,1,4,4,4
4606,1,4,4,4
4607,1,3,1,1
4608,1,4,4,4
4609,1,3,3,3
4610,1,5,5,5
4611,2,10,10,10
4612,1,5,7,5
4613,1,5,5,5
4614,1,2,2,2
4615,1,4,1,1
4616,1,5,5,5
4617,1,1,4,1
4618,1,2,3,2
4619,1,6,6,6
4620,1,1,4,1
4621,1,5,5,5
4622,1,3,2,2
4623,1,1,4,1
4624,1,1,4,1
4625,1,5,5,5
4626,1,5,5,5
4627,1,5,5,5
4628,1,6,6,6
4629,1,16,15,15
4630,1,4,4,4
4631,1,2,3,2
4632,1,5,5,5
4633,1,5,5,5
4634,1,2,2,2
4635,1,5,5,5
4636,1,2,2,2
4637,1,2,2,2
4638,1,5,5,5
4639,1,5,5,5
4640,1,1,1,1
4641,1,5,5,5
4642,1,5,5,5
4643,1,6,6,6
4644,1,3,3,3
4645,1,3,3,3
4646,1,5,5,5
4647,1,1,4,1
4648,1,5,5,5
4649,1,5,5,5
4650,1,5,5,5
4651,1,5,5,5
4652,1,2,1,1
4653,1,1,2,1
4654,1,3,1,1
4655,1,5,5,5
4656,1,2,2,2
4657,1,5,4,4
4658,1,17,17,17
4659,1,5,5,5
4660,1,5,5,5
4661,1,5,5,5
4662,1,3,3,3
4663,1,1,4,1
4664,1,5,5,5
4665,1,5,5,5
4666,1,16,16,16
4667,1,3,1,1
4668,1,7,6,6
4669,1,1,8,1
4670,1,3,4,3
4671,1,4,4,4
4672,1,4,4,4
4673,1,5,5,5
4674,1,5,5,5
4675,1,3,3,3
4676,1,1,4,1
4677,1,5,5,5
4678,1,5,5,5
4679,1,4,4,4
4680,1,3,3,3
4681,1,3,3,3
4682,1,3,3,3
4683,1,1,2,1
4684,1,1,2,1
4685,1,2,3,2
4686,1,5,5,5
4687,1,5,5,5
4688,1,2,1,1
4689,1,5,5,5
4690,1,2,3,2
4691,1,2,1,1
4692,1,2,2,2
4693,1,9,9,9
4694,1,9,9,9
4695,1,2,3,2
4696,1,10,8,8
4697,1,13,13,13
4698,1,5,5,5
4699,1,5,5,5
4700,1,6,5,5
4701,1,1,4,1
4702,1,1,4,1
4703,1,5,5,5
4704,3,3,3,3
4705,3,3,3,3
4706,3,3,3,3
4707,3,3,3,3
4708,1,5,5,5
4709,1,5,5,5
4710,1,3,3,3
4711,1,6,8,6
4712,1,2,3,2
4713,1,3,2,2
4714,1,4,6,4
4715,1,2,2,2
4716,1,4,2,2
4717,1,2,2,2
4718,1,5,5,5
4719,1,2,2,2
4720,1,5,5,5
4721,1,4,3,3
4722,1,2,1,1
4723,1,10,11,10
4724,1,2,2,2
4725,1,1,2,1
4726,1,1,3,1
4727,1,5,5,5
4728,1,8,8,8
4729,1,1,2,1
4730,1,5,5,5
4731,1,10,10,10
4732,1,5,5,5
4733,1,5,5,5
4734,1,5,5,5
4735,1,3,3,3
4736,1,5,5,5
4737,1,5,5,5
4738,1,3,3,3
4739,1,6,6,6
4740,1,1,1,1
4741,1,3,6,3
4742,1,3,4,3
4743,1,1,4,1
4744,1,2,3,2
4745,1,5,5,5
4746,1,3,3,3
4747,1,3,4,3
4748,1,5,5,5
4749,1,5,8,5
4750,1,5,5,5
4751,1,5,5,5
4752,1,8,8,8
4753,1,5,5,5
4754,1,7,7,7
4755,1,2,3,2
4756,1,4,4,4
4757,1,4,4,4
4758,1,4,4,4
4759,1,2,1,1
4760,1,2,2,2
4761,1,3,3,3
4762,1,5,5,5
4763,1,4,4,4
4764,1,4,4,4
4765,1,5,5,5
4766,1,5,5,5
4767,1,5,5,5
4768,1,3,4,3
4769,1,4,1,1
4770,1,3,3,3
4771,1,3,7,3
4772,1,2,3,2
4773,1,2,2,2
4774,1,5,5,5
4775,1,5,5,5
4776,1,4,4,4
4777,1,5,5,5
4778,1,5,5,5
4779,1,5,5,5
4780,1,3,3,3
4781,1,3,3,3
4782,1,1,2,1
4783,1,3,2,2
4784,1,2,2,2
4785,1,2,1,1
4786,1,5,5,5
4787,1,2,2,2
4788,1,5,5,5
4789,1,5,5,5
4790,1,1,1,1
4791,1,1,1,1
4792,1,4,4,4
4793,1,2,5,2
4794,1,3,4,3
4795,1,2,3,2
4796,1,2,3,2
4797,1,1,3,1
4798,1,5,5,5
4799,1,1,2,1
4800,1,5,5,5
4801,1,7,13,7
4802,1,5,5,5
4803,1,5,5,5
4804,1,1,4,1
4805,1,9,4,4
4806,1,5,5,5
4807,1,2,1,1
4808,1,6,6,6
4809,1,10,9,9
4810,1,2,2,2
4811,1,5,5,5
4812,1,1,1,1
4813,1,5,5,5
4814,1,2,2,2
4815,1,5,5,5
4816,1,5,5,5
4817,1,5,5,5
4818,1,5,5,5
4819,1,2,2,2
4820,1,5,5,5
4821,1,5,5,5
4822,1,5,5,5
4823,1,5,5,5
4824,1,5,5,5
4825,1,5,5,5
4826,1,6,6,6
4827,1,3,6,3
4828,1,3,6,3
4829,1,4,4,4
4830,1,5,6,5
4831,1,6,6,6
4832,1,6,5,5
4833,1,5,5,5
4834,1,5,5,5
4835,1,5,5,5
4836,1,5,5,5
4837,1,1,4,1
4838,1,9,9,9
4839,1,5,5,5
4840,8,8,8,8
4841,1,1,1,1
4842,1,4,4,4
4843,1,1,1,1
4844,1,1,1,1
4845,1,6,6,6
4846,1,2,2,2
4847,1,2,2,2
4848,1,2,3,2
4849,1,1,1,1
4850,1,5,3,3
4851,1,2,2,2
4852,1,8,7,7
4853,1,3,3,3
4854,1,6,7,6
4855,1,1,1,1
4856,1,2,2,2
4857,1,2,2,2
4858,1,6,6,6
4859,1,2,2,2
4860,1,1,1,1
4861,1,2,2,2
4862,1,1,1,1
4863,1,3,1,1
4864,1,2,2,2
4865,1,2,2,2
4866,1,5,5,5
4867,1,4,4,4
4868,2,4,4,4
4869,1,15,13,13
4870,1,4,4,4
4871,1,6,6,6
4872,1,5,5,5
4873,1,2,2,2
4874,1,6,6,6
4875,1,1,1,1
4876,1,1,2,1
4877,1,11,11,11
4878,1,6,3,3
4879,1,3,3,3
4880,1,4,4,4
4881,1,7,5,5
4882,1,2,2,2
4883,1,5,5,5
4884,1,6,6,6
4885,1,1,1,1
4886,1,1,1,1
4887,1,7,7,7
4888,1,2,2,2
4889,1,2,2,2
4890,1,2,2,2
4891,1,3,2,2
4892,1,3,3,3
4893,1,6,6,6
4894,1,2,2,2
4895,1,2,2,2
4896,1,2,2,2
4897,1,2,2,2
4898,1,2,2,2
4899,1,1,2,1
4900,1,4,2,2
4901,2,4,4,4
4902,1,2,2,2
4903,1,1,1,1
4904,1,9,10,9
4905,1,2,2,2
4906,1,2,5,2
4907,1,3,3,3
4908,1,3,3,3
4909,1,1,1,1
4910,1,2,2,2
4911,1,1,1,1
4912,1,2,2,2
4913,1,3,3,3
4914,1,3,3,3
4915,1,3,3,3
4916,1,10,2,2
4917,1,3,3,3
4918,1,1,1,1
4919,1,1,3,1
4920,1,1,1,1
4921,1,1,1,1
4922,1,4,4,4
4923,1,2,2,2
4924,1,2,2,2
4925,1,2,2,2
4926,1,5,5,5
4927,1,3,3,3
4928,1,1,1,1
4929,1,5,5,5
4930,3,1,1,1
4931,3,0,1,0
4932,4,4,4,4
4933,2,1,2,1
4934,7,10,10,10
4935,1,5,4,4
4936,1,2,6,2
4937,2,4,4,4
4938,3,6,6,6
4939,2,4,8,4
4940,2,3,5,3
4941,3,2,5,2
4942,2,5,5,5
4943,2,3,3,3
4944,2,4,6,4
4945,2,3,5,3
4946,2,3,3,3
4947,1,1,2,1
4948,2,3,3,3
4949,2,3,3,3
4950,2,2,2,2
4951,2,2,4,2
4952,6,7,8,7
4953,2,2,4,2
4954,2,2,4,2
4955,1,3,3,3
4956,2,2,4,2
4957,1,1,1,1
4958,2,2,4,2
4959,2,3,3,3
4960,2,3,3,3
4961,2,4,4,4
4962,2,3,3,3
4963,2,6,6,6
4964,2,9,9,9
4965,2,4,4,4
4966,4,10,10,10
4967,9,9,9,9
4968,6,7,9,7
4969,2,8,8,8
4970,2,2,4,2
4971,7,3,7,3
4972,2,10,10,10
4973,2,8,9,8
4974,2,8,9,8
4975,2,6,8,6
4976,1,3,3,3
4977,2,8,9,8
4978,6,12,10,10
4979,2,8,9,8
4980,2,8,9,8
4981,1,1,1,1
4982,4,7,7,7
4983,5,8,8,8
4984,5,6,6,6
4985,5,11,11,11
4986,3,10,10,10
4987,4,4,4,4
4988,4,8,8,8
4989,4,4,4,4
4990,4,4,4,4
4991,5,10,10,10
4992,3,4,5,4
4993,1,3,3,3
4994,5,6,7,6
4995,3,4,5,4
4996,5,12,12,12
4997,6,12,10,10
4998,5,5,5,5
4999,5,5,5,5
5000,6,8,8,8
5001,1,1,1,1
5002,1,2,1,1
5003,1,3,3,3
5004,1,8,9,8
5005,1,1,1,1
5006,3,9,9,9
5007,1,1,1,1
5008,1,2,6,2
5009,1,2,2,2
5010,5,8,8,8
5011,4,8,8,8
5012,3,11,12,11
5013,3,6,6,6
5014,3,7,7,7
5015,3,7,7,7
5016,3,7,7,7
5017,3,5,5,5
5018,3,5,5,5
5019,3,16,7,7
5020,3,16,7,7
5021,3,16,7,7
5022,3,6,6,6
5023,3,6,6,6
5024,3,6,6,6
5025,3,6,6,6
5026,3,4,4,4
5027,3,3,3,3
5028,2,5,6,5
5029,2,6,4,4
5030,4,8,8,8
5031,2,4,4,4
5032,3,7,7,7
5033,4,5,5,5
5034,4,5,5,5
5035,3,9,9,9
5036,3,5,5,5
5037,5,5,5,5
5038,5,6,6,6
5039,5,7,7,7
5040,5,6,6,6
5041,5,13,13,13
5042,1,5,5,5
5043,1,7,6,6
5044,1,3,3,3
5045,1,7,7,7
5046,1,1,3,1
5047,1,4,4,4
5048,1,3,4,3
5049,2,7,7,7
5050,1,6,6,6
5051,1,3,3,3
5052,1,7,8,7
5053,1,5,4,4
5054,1,12,4,4
5055,1,1,3,1
5056,1,3,3,3
5057,1,2,2,2
5058,2,3,3,3
5059,1,6,6,6
5060,5,7,1,1
5061,1,3,3,3
5062,6,7,8,7
5063,1,1,1,1
5064,2,2,4,2
5065,2,2,2,2
5066,1,3,3,3
5067,2,2,4,2
5068,2,2,4,2
5069,2,2,4,2
5070,2,2,4,2
5071,2,2,4,2
5072,3,4,5,4
5073,10,10,9,9
5074,11,14,13,13
5075,2,5,6,5
5076,1,2,2,2
5077,1,1,1,1
5078,1,1,2,1
5079,1,1,2,1
5080,1,1,2,1
5081,1,1,2,1
5082,1,1,2,1
5083,1,1,2,1
5084,1,3,3,3
5085,6,12,10,10
5086,2,6,8,6
5087,2,8,9,8
5088,1,1,1,1
5089,2,8,9,8
5090,2,8,9,8
5091,2,8,9,8
5092,2,8,9,8
5093,2,8,9,8
5094,1,4,3,3
5095,2,3,3,3
5096,2,2,2,2
5097,2,2,4,2
5098,1,3,3,3
5099,2,3,4,3
5100,2,2,4,2
5101,1,1,1,1
5102,6,7,8,7
5103,2,2,4,2
5104,2,2,4,2
5105,2,2,4,2
5106,2,2,4,2
5107,2,3,3,3
5108,2,3,2,2
5109,2,3,3,3
5110,2,3,2,2
5111,2,3,3,3
5112,2,3,3,3
5113,2,4,4,4
5114,4,1,3,1
5115,4,3,3,3
5116,4,4,9,4
5117,1,2,1,1
5118,3,2,21,2
5119,3,15,25,15
5120,6,7,7,7
5121,1,2,1,1
5122,1,2,2,2
5123,1,2,2,2
5124,1,2,1,1
5125,1,2,2,2
5126,1,2,2,2
5127,1,2,2,2
5128,1,2,1,1
5129,1,1,2,1
5130,1,1,2,1
5131,1,4,4,4
5132,1,4,4,4
5133,1,6,6,6
5134,1,5,5,5
5135,1,5,5,5
5136,1,5,5,5
5137,1,11,11,11
5138,1,1,1,1
5139,1,5,5,5
5140,2,5,5,5
5141,2,9,9,9
5142,2,10,10,10
5143,4,6,6,6
5144,3,6,6,6
5145,3,7,7,7
5146,2,9,9,9
5147,2,3,3,3
5148,2,4,4,4
5149,3,6,6,6
5150,3,4,4,4
5151,1,4,4,4
5152,2,2,2,2
5153,4,9,9,9
5154,1,10,10,10
5155,1,5,5,5
5156,2,4,2,2
5157,1,2,2,2
5158,2,7,8,7
5159,5,6,5,5
5160,2,7,7,7
5161,2,2,4,2
5162,2,7,7,7
5163,2,9,9,9
5164,2,9,9,9
5165,1,6,6,6
5166,1,5,5,5
5167,1,5,5,5
5168,1,5,5,5
5169,1,3,1,1
5170,1,1,4,1
5171,1,5,5,5
5172,1,5,5,5
5173,1,2,2,2
5174,1,7,7,7
5175,1,16,16,16
5176,1,9,9,9
5177,1,3,2,2
5178,1,4,1,1
5179,1,4,4,4
5180,1,14,14,14
5181,1,5,5,5
5182,1,5,5,5
5183,1,5,5,5
5184,1,5,5,5
5185,1,5,5,5
5186,1,5,5,5
5187,1,10,8,8
5188,1,6,6,6
5189,1,1,5,1
5190,1,5,5,5
5191,1,5,5,5
5192,1,5,5,5
5193,1,5,5,5
5194,1,5,5,5
5195,1,5,5,5
5196,1,6,6,6
5197,1,5,5,5
5198,1,5,5,5
5199,1,3,4,3
5200,1,5,5,5
5201,1,4,1,1
5202,1,5,5,5
5203,1,9,12,9
5204,1,11,12,11
5205,1,5,5,5
5206,1,5,5,5
5207,1,5,5,5
5208,1,5,5,5
5209,1,5,5,5
5210,1,5,5,5
5211,1,5,5,5
5212,1,2,2,2
5213,1,1,4,1
5214,1,4,2,2
5215,1,2,3,2
5216,1,2,2,2
5217,1,5,5,5
5218,1,2,2,2
5219,1,2,3,2
5220,1,1,3,1
5221,1,2,1,1
5222,1,6,8,6
5223,1,3,3,3
5224,1,5,5,5
5225,1,5,5,5
5226,1,2,2,2
5227,1,3,3,3
5228,1,8,8,8
5229,1,2,2,2
5230,1,1,4,1
5231,1,10,8,8
5232,1,5,5,5
5233,1,5,5,5
5234,1,2,3,2
5235,1,5,5,5
5236,1,5,5,5
5237,1,5,5,5
5238,1,5,5,5
5239,1,3,3,3
5240,1,3,3,3
5241,1,12,12,12
5242,1,5,5,5
5243,1,2,4,2
5244,1,2,2,2
5245,1,6,5,5
5246,1,10,10,10
5247,1,4,5,4
5248,1,1,1,1
5249,1,3,6,3
5250,1,4,4,4
5251,1,4,4,4
5252,1,3,3,3
5253,1,2,5,2
5254,1,2,5,2
5255,1,2,5,2
5256,1,3,3,3
5257,1,3,1,1
5258,1,5,5,5
5259,1,2,2,2
5260,1,2,2,2
5261,1,2,3,2
5262,1,2,3,2
5263,3,7,7,7
5264,1,4,4,4
5265,1,4,4,4
5266,1,4,4,4
5267,8,8,8,8
5268,4,8,8,8
5269,1,1,4,1
5270,3,4,5,4
5271,2,3,3,3
5272,2,3,3,3
5273,2,3,3,3
5274,2,6,6,6
5275,5,5,6,5
5276,1,3,2,2
5277,4,93,93,93
5278,4,29,32,29
5279,1,10,10,10
5280,1,3,3,3
5281,1,2,2,2
5282,1,3,4,3
5283,1,1,1,1
5284,1,4,4,4
5285,2,5,5,5
5286,2,3,3,3
5287,5,4,4,4
5288,4,13,13,13
5289,5,7,7,7
5290,2,2,2,2
5291,2,4,2,2
5292,2,2,2,2
5293,2,0,1,0
5294,2,4,2,2
5295,5,5,6,5
5296,2,2,2,2
5297,1,4,3,3
5298,1,4,4,4
5299,5,6,6,6
5300,6,6,6,6
5301,2,5,5,5
5302,4,8,8,8
5303,5,6,6,6
5304,4,4,5,4
5305,4,10,10,10
5306,4,6,6,6
5307,5,7,7,7
5308,3,7,7,7
5309,3,0,1,0
5310,3,6,6,6
5311,3,1,1,1
5312,3,3,8,3
5313,3,3,2,2
5314,4,2,2,2
5315,3,4,4,4
5316,8,9,9,9
5317,8,9,9,9
5318,4,4,4,4
5319,8,10,10,10
5320,1,4,7,4
5321,1,2,2,2
5322,1,2,1,1
5323,1,2,2,2
5324,1,6,3,3
5325,1,6,5,5
5326,2,2,2,2
5327,5,8,8,8
5328,5,8,8,8
5329,5,5,5,5
5330,2,2,4,2
5331,1,1,1,1
5332,2,2,0,0
5333,6,5,5,5
5334,5,7,7,7
5335,3,6,3,3
5336,7,7,7,7
5337,2,2,4,2
5338,1,2,2,2
5339,7,10,10,10
5340,5,7,7,7
5341,1,3,3,3
5342,1,2,2,2
5343,5,7,8,7
5344,1,1,0,0
5345,1,1,0,0
5346,3,3,3,3
5347,7,10,10,10
5348,2,3,2,2
5349,2,3,2,2
5350,2,8,9,8
5351,2,3,2,2
5352,5,6,6,6
5353,3,8,8,8
5354,3,8,8,8
5355,1,4,4,4
5356,1,4,4,4
5357,2,3,3,3
5358,1,2,2,2
5359,3,6,6,6
5360,3,4,5,4
5361,3,5,5,5
5362,2,7,7,7
5363,1,3,3,3
5364,1,3,3,3
5365,4,8,8,8
5366,3,4,4,4
5367,1,3,2,2
5368,4,5,5,5
5369,4,4,5,4
5370,6,9,9,9
5371,4,6,5,5
5372,3,2,3,2
5373,4,4,3,3
5374,4,2,4,2
5375,3,2,3,2
5376,4,3,2,2
5377,3,6,3,3
5378,3,6,5,5
5379,3,6,5,5
5380,3,6,5,5
5381,3,9,7,7
5382,3,6,5,5
5383,4,3,6,3
5384,7,9,4,4
5385,2,4,4,4
5386,3,2,2,2
5387,3,2,2,2
5388,3,2,2,2
5389,3,2,2,2
5390,4,7,7,7
5391,4,4,4,4
5392,1,6,6,6
5393,2,3,3,3
5394,2,2,4,2
5395,1,5,6,5
5396,5,5,6,5
5397,2,2,5,2
5398,5,7,8,7
5399,1,6,6,6
5400,6,4,4,4
5401,1,2,1,1
5402,2,5,5,5
5403,1,3,3,3
5404,1,5,8,5
5405,2,8,8,8
5406,11,11,12,11
5407,6,3,4,3
5408,8,9,9,9
5409,5,8,8,8
5410,1,4,4,4
5411,1,2,2,2
5412,2,4,4,4
5413,2,4,4,4
5414,2,3,6,3
5415,2,5,9,5
5416,2,7,7,7
5417,5,6,6,6
5418,1,1,1,1
5419,1,1,1,1
5420,2,4,4,4
5421,2,3,5,3
5422,2,16,16,16
5423,3,2,2,2
5424,1,2,2,2
5425,2,3,3,3
5426,2,2,2,2
5427,1,1,3,1
5428,1,1,3,1
5429,6,8,8,8
5430,7,9,9,9
5431,1,5,6,5
5432,1,1,1,1
5433,1,3,3,3
5434,1,5,6,5
5435,2,5,5,5
5436,1,3,3,3
5437,1,4,4,4
5438,2,3,3,3
5439,2,3,3,3
5440,2,3,3,3
5441,4,5,5,5
5442,4,7,7,7
5443,1,5,11,5
5444,1,3,3,3
5445,3,5,5,5
5446,1,11,10,10
5447,6,6,6,6
5448,4,5,5,5
5449,4,6,6,6
5450,3,1,1,1
5451,7,9,9,9
5452,4,7,7,7
5453,4,5,5,5
5454,4,3,3,3
5455,6,7,7,7
5456,6,7,5,5
5457,6,8,9,8
5458,3,5,5,5
5459,2,2,2,2
5460,2,6,6,6
5461,4,5,5,5
5462,2,5,5,5
5463,4,8,8,8
5464,2,5,5,5
5465,4,2,2,2
5466,2,0,2,0
5467,11,11,11,11
5468,1,3,3,3
5469,6,7,7,7
5470,6,8,8,8
5471,6,7,7,7
5472,6,5,8,5
5473,6,4,4,4
5474,6,4,4,4
5475,6,4,4,4
5476,6,6,7,6
5477,6,4,4,4
5478,6,4,7,4
5479,6,4,4,4
5480,6,8,8,8
5481,6,4,7,4
5482,6,5,7,5
5483,6,12,12,12
5484,6,4,4,4
5485,6,4,4,4
5486,6,4,4,4
5487,6,4,4,4
5488,6,4,4,4
5489,6,4,4,4
5490,6,6,9,6
5491,6,4,4,4
5492,6,4,4,4
5493,6,4,4,4
5494,6,9,9,9
5495,6,5,7,5
5496,6,4,4,4
5497,6,4,7,4
5498,6,4,4,4
5499,6,4,5,4
5500,6,4,5,4
5501,6,6,6,6
5502,6,4,3,3
5503,6,4,4,4
5504,6,4,4,4
5505,6,6,7,6
5506,6,4,6,4
5507,6,4,4,4
5508,6,4,7,4
5509,6,4,7,4
5510,6,6,4,4
5511,6,8,8,8
5512,6,8,8,8
5513,6,6,4,4
5514,6,4,4,4
5515,6,8,8,8
5516,6,4,4,4
5517,6,8,8,8
5518,6,4,7,4
5519,6,7,7,7
5520,6,8,8,8
5521,6,15,15,15
5522,6,5,6,5
5523,6,4,7,4
5524,6,9,9,9
5525,6,4,4,4
5526,6,4,7,4
5527,6,4,4,4
5528,6,6,7,6
5529,6,4,8,4
5530,6,6,8,6
5531,6,8,8,8
5532,6,4,4,4
5533,6,4,6,4
5534,6,8,9,8
5535,6,4,4,4
5536,6,8,8,8
5537,6,4,4,4
5538,2,2,2,2
5539,4,5,5,5
5540,4,3,3,3
5541,4,1,4,1
5542,3,3,3,3
5543,3,3,3,3
5544,1,6,6,6
5545,1,6,6,6
5546,3,3,3,3
5547,3,3,3,3
5548,1,2,3,2
5549,1,2,2,2
5550,3,6,6,6
5551,3,4,10,4
5552,3,4,4,4
5553,3,6,6,6
5554,3,4,4,4
5555,4,5,5,5
5556,1,3,3,3
5557,1,2,1,1
5558,8,9,9,9
5559,1,3,3,3
5560,1,3,2,2
5561,2,2,2,2
5562,1,1,1,1
5563,1,2,4,2
5564,2,13,13,13
5565,1,2,2,2
5566,1,2,2,2
5567,3,3,4,3
5568,1,5,5,5
5569,7,9,8,8
5570,2,3,3,3
5571,1,16,10,10
5572,2,2,4,2
5573,1,16,17,16
5574,1,4,4,4
5575,1,4,4,4
5576,1,3,1,1
5577,1,2,2,2
5578,1,3,6,3
5579,5,6,8,6
5580,1,5,7,5
5581,1,2,2,2
5582,1,2,2,2
5583,4,4,5,4
5584,1,5,5,5
5585,1,2,2,2
5586,1,2,2,2
5587,1,6,6,6
5588,1,8,8,8
5589,3,5,5,5
5590,3,10,10,10
5591,3,4,4,4
5592,3,4,4,4
5593,3,5,5,5
5594,2,4,2,2
5595,3,5,5,5
5596,3,5,5,5
5597,3,3,7,3
5598,3,4,4,4
5599,1,3,3,3
5600,1,3,3,3
5601,1,3,3,3
5602,9,10,10,10
5603,1,3,3,3
5604,1,3,3,3
5605,1,3,3,3
5606,2,5,5,5
5607,2,5,5,5
5608,6,6,10,6
5609,10,10,10,10
5610,3,9,9,9
5611,3,5,6,5
5612,5,9,8,8
5613,1,1,1,1
5614,1,1,1,1
5615,1,2,2,2
5616,1,8,8,8
5617,1,1,1,1
5618,1,1,1,1
5619,1,6,6,6
5620,1,1,1,1
5621,6,7,7,7
5622,2,5,12,5
5623,2,5,5,5
5624,1,4,2,2
5625,1,2,2,2
5626,1,4,2,2
5627,1,2,2,2
5628,1,11,7,7
5629,1,2,2,2
5630,1,1,3,1
5631,1,2,10,2
5632,1,2,2,2
5633,3,4,6,4
5634,2,4,5,4
5635,1,8,8,8
5636,1,3,3,3
5637,1,3,3,3
5638,1,8,8,8
5639,1,8,8,8
5640,7,9,8,8
5641,1,5,5,5
5642,1,7,7,7
5643,5,7,7,7
5644,1,5,5,5
5645,1,7,7,7
5646,1,5,5,5
5647,1,7,7,7
5648,5,7,7,7
5649,1,5,5,5
5650,1,7,7,7
5651,1,5,5,5
5652,1,7,7,7
5653,5,7,7,7
5654,1,5,5,5
5655,1,7,7,7
5656,5,7,7,7
5657,1,5,5,5
5658,1,7,7,7
5659,1,5,5,5
5660,1,7,7,7
5661,5,7,7,7
5662,7,8,8,8
5663,7,8,8,8
5664,4,7,7,7
5665,4,7,7,7
5666,4,7,7,7
5667,9,9,9,9
5668,1,2,2,2
5669,1,1,1,1
5670,1,3,2,2
5671,3,4,4,4
5672,3,4,4,4
5673,3,6,6,6
5674,4,7,4,4
5675,2,4,4,4
5676,1,7,4,4
5677,1,7,4,4
5678,1,2,2,2
5679,1,2,2,2
5680,1,9,9,9
5681,7,9,9,9
5682,7,9,9,9
5683,1,3,3,3
5684,1,3,3,3
5685,6,11,11,11
5686,2,3,5,3
5687,1,1,1,1
5688,2,3,5,3
5689,1,2,2,2
5690,1,1,1,1
5691,1,2,2,2
5692,1,7,7,7
5693,1,7,7,7
5694,1,11,11,11
5695,1,2,2,2
5696,1,2,2,2
5697,1,2,2,2
5698,1,2,2,2
5699,4,5,5,5
5700,1,2,2,2
5701,1,9,9,9
5702,2,4,4,4
5703,1,1,1,1
5704,1,5,5,5
5705,1,1,1,1
5706,1,3,3,3
5707,4,5,5,5
5708,1,3,3,3
5709,4,6,6,6
5710,1,3,3,3
5711,5,9,9,9
5712,3,5,5,5
5713,1,4,4,4
5714,1,4,4,4
5715,5,9,9,9
5716,1,2,3,2
5717,1,1,1,1
5718,6,6,6,6
5719,1,1,1,1
5720,6,7,7,7
5721,1,3,3,3
5722,4,3,3,3
5723,5,5,4,4
5724,5,5,6,5
5725,2,5,5,5
5726,2,4,4,4
5727,2,5,7,5
5728,2,6,6,6
5729,4,12,12,12
5730,1,4,4,4
5731,1,4,4,4
5732,1,6,3,3
5733,3,9,9,9
5734,1,3,3,3
5735,4,5,5,5
5736,2,3,3,3
5737,4,5,5,5
5738,4,6,6,6
5739,1,2,2,2
5740,4,5,5,5
5741,1,3,3,3
5742,1,1,2,1
5743,1,3,3,3
5744,1,2,1,1
5745,1,3,3,3
5746,1,3,3,3
5747,3,8,4,4
5748,3,1,4,1
5749,3,8,4,4
5750,4,5,5,5
5751,3,8,9,8
5752,1,2,2,2
5753,3,1,4,1
5754,1,2,2,2
5755,1,2,2,2
5756,6,6,6,6
5757,1,2,2,2
5758,3,6,6,6
5759,3,6,6,6
5760,6,0,6,0
5761,5,0,4,0
5762,6,0,6,0
5763,2,6,6,6
5764,2,9,9,9
5765,6,0,6,0
5766,6,0,6,0
5767,5,0,4,0
5768,5,5,6,5
5769,6,0,6,0
5770,4,7,7,7
5771,4,7,7,7
5772,4,5,6,5
5773,4,5,6,5
5774,1,3,3,3
5775,6,0,6,0
5776,5,0,4,0
5777,6,0,6,0
5778,6,0,6,0
5779,6,0,6,0
5780,2,3,3,3
5781,9,9,9,9
5782,2,2,3,2
5783,2,2,2,2
5784,6,6,6,6
5785,6,6,6,6
5786,6,6,6,6
5787,6,6,6,6
5788,6,6,6,6
5789,6,6,6,6
5790,6,6,6,6
5791,2,10,10,10
5792,2,7,7,7
5793,2,6,6,6
5794,2,4,4,4
5795,2,6,5,5
5796,2,5,5,5
5797,2,11,11,11
5798,2,10,10,10
5799,2,8,8,8
5800,2,6,5,5
5801,2,9,9,9
5802,2,4,4,4
5803,2,10,10,10
5804,2,8,8,8
5805,1,2,1,1
5806,2,4,3,3
5807,2,4,3,3
5808,1,4,4,4
5809,1,1,1,1
5810,2,7,7,7
5811,2,6,6,6
5812,4,7,7,7
5813,1,1,1,1
5814,1,1,1,1
5815,1,1,1,1
5816,1,2,1,1
5817,1,2,1,1
5818,1,2,1,1
5819,2,3,3,3
5820,1,1,2,1
5821,1,1,5,1
5822,2,6,6,6
5823,2,5,5,5
5824,2,6,6,6
5825,2,6,6,6
5826,2,1,3,1
5827,2,0,2,0
5828,6,0,6,0
5829,5,0,4,0
5830,2,9,10,9
5831,2,9,10,9
5832,2,5,5,5
5833,8,0,1,0
5834,8,2,2,2
5835,8,1,1,1
5836,8,1,4,1
5837,8,1,1,1
5838,8,1,1,1
5839,8,2,5,2
5840,8,1,1,1
5841,8,0,1,0
5842,8,0,1,0
5843,2,4,4,4
5844,8,1,1,1
5845,8,1,1,1
5846,8,2,2,2
5847,8,0,1,0
5848,8,0,1,0
5849,8,0,1,0
5850,8,0,1,0
5851,8,0,1,0
5852,10,7,7,7
5853,8,1,1,1
5854,8,0,1,0
5855,8,1,1,1
5856,8,1,1,1
5857,8,0,1,0
5858,8,0,1,0
5859,8,1,1,1
5860,8,1,1,1
5861,8,1,1,1
5862,8,0,1,0
5863,8,2,2,2
5864,8,2,1,1
5865,8,1,1,1
5866,8,1,1,1
5867,8,1,1,1
5868,8,1,1,1
5869,8,1,1,1
5870,8,1,1,1
5871,8,1,1,1
5872,8,0,1,0
5873,8,2,2,2
5874,8,2,2,2
5875,8,1,2,1
5876,8,0,1,0
5877,8,4,4,4
5878,8,1,1,1
5879,8,1,1,1
5880,8,1,1,1
5881,8,1,1,1
5882,8,1,2,1
5883,8,2,2,2
5884,8,1,2,1
5885,8,0,1,0
5886,8,0,1,0
5887,8,0,1,0
5888,8,2,2,2
5889,8,1,1,1
5890,8,1,1,1
5891,8,0,1,0
5892,8,1,1,1
5893,8,2,2,2
5894,8,2,2,2
5895,8,1,1,1
5896,8,1,1,1
5897,8,1,1,1
5898,8,1,1,1
5899,8,0,3,0
5900,8,2,2,2
5901,8,1,1,1
5902,8,1,1,1
5903,8,1,1,1
5904,8,0,1,0
5905,8,1,1,1
5906,8,1,1,1
5907,8,1,1,1
5908,8,2,2,2
5909,8,2,2,2
5910,8,0,1,0
5911,8,0,1,0
5912,8,0,1,0
5913,8,1,1,1
5914,8,1,1,1
5915,8,0,1,0
5916,8,1,1,1
5917,8,2,2,2
5918,8,0,4,0
5919,8,4,4,4
5920,8,0,1,0
5921,8,2,2,2
5922,8,0,1,0
5923,8,2,2,2
5924,8,0,1,0
5925,8,0,1,0
5926,8,2,2,2
5927,8,1,1,1
5928,8,1,1,1
5929,8,4,4,4
5930,8,1,1,1
5931,8,1,1,1
5932,8,0,1,0
5933,8,2,5,2
5934,8,0,1,0
5935,8,1,4,1
5936,8,2,5,2
5937,8,1,1,1
5938,8,1,1,1
5939,8,2,5,2
5940,8,1,1,1
5941,8,1,1,1
5942,8,1,1,1
5943,8,7,15,7
5944,8,1,1,1
5945,8,2,2,2
5946,8,0,1,0
5947,8,2,2,2
5948,8,2,2,2
5949,8,0,1,0
5950,8,0,1,0
5951,8,1,1,1
5952,8,1,1,1
5953,8,2,2,2
5954,8,2,2,2
5955,8,2,2,2
5956,8,0,1,0
5957,8,1,1,1
5958,8,4,4,4
5959,10,7,7,7
5960,2,9,9,9
5961,2,10,13,10
5962,2,10,13,10
5963,6,6,8,6
5964,1,3,3,3
5965,1,2,2,2
5966,4,8,8,8
5967,6,0,6,0
5968,6,0,6,0
5969,5,0,4,0
5970,1,1,1,1
5971,8,14,13,13
5972,6,0,6,0
5973,5,0,4,0
5974,5,0,4,0
5975,5,0,4,0
5976,2,3,4,3
5977,2,3,4,3
5978,1,2,3,2
5979,1,5,5,5
5980,6,0,6,0
5981,3,5,4,4
5982,8,9,9,9
5983,6,0,6,0
5984,5,0,4,0
5985,8,0,1,0
5986,8,0,1,0
5987,8,2,2,2
5988,8,0,1,0
5989,8,0,1,0
5990,8,2,2,2
5991,8,0,1,0
5992,8,0,1,0
5993,8,0,1,0
5994,8,0,1,0
5995,8,1,1,1
5996,8,2,1,1
5997,8,2,1,1
5998,8,0,1,0
5999,8,0,1,0
6000,8,2,2,2
6001,8,2,2,2
6002,8,2,2,2
6003,8,0,1,0
6004,8,0,1,0
6005,8,2,2,2
6006,8,2,2,2
6007,8,2,2,2
6008,8,0,1,0
6009,8,1,1,1
6010,8,0,1,0
6011,8,0,3,0
6012,8,0,1,0
6013,8,0,1,0
6014,8,0,3,0
6015,8,0,1,0
6016,8,0,1,0
6017,8,0,3,0
6018,8,0,1,0
6019,8,0,1,0
6020,8,0,1,0
6021,8,0,1,0
6022,8,1,1,1
6023,8,1,1,1
6024,8,0,1,0
6025,8,0,1,0
6026,8,1,1,1
6027,8,0,1,0
6028,8,0,1,0
6029,8,1,1,1
6030,8,0,1,0
6031,8,0,1,0
6032,8,2,2,2
6033,8,0,1,0
6034,8,0,1,0
6035,8,2,2,2
6036,8,2,1,1
6037,8,0,1,0
6038,8,0,1,0
6039,8,0,1,0
6040,8,0,3,0
6041,8,0,3,0
6042,8,0,1,0
6043,8,0,1,0
6044,8,0,3,0
6045,8,0,1,0
6046,8,0,3,0
6047,8,0,1,0
6048,8,0,1,0
6049,8,0,3,0
6050,8,0,1,0
6051,8,0,3,0
6052,8,0,1,0
6053,8,0,1,0
6054,8,2,2,2
6055,8,1,1,1
6056,10,12,14,12
6057,8,3,3,3
6058,8,1,1,1
6059,8,1,1,1
6060,8,2,2,2
6061,8,0,1,0
6062,8,0,1,0
6063,8,0,1,0
6064,8,2,5,2
6065,8,1,1,1
6066,8,2,2,2
6067,8,2,1,1
6068,8,2,1,1
6069,8,2,1,1
6070,8,1,1,1
6071,8,0,1,0
6072,8,0,3,0
6073,8,0,1,0
6074,8,0,1,0
6075,8,2,2,2
6076,8,2,2,2
6077,8,2,2,2
6078,8,0,1,0
6079,8,0,1,0
6080,8,0,1,0
6081,8,0,3,0
6082,8,0,1,0
6083,8,0,1,0
6084,8,0,1,0
6085,8,0,3,0
6086,8,1,1,1
6087,8,0,1,0
6088,8,0,1,0
6089,8,2,2,2
6090,8,0,1,0
6091,8,0,1,0
6092,8,0,1,0
6093,8,2,2,2
6094,8,0,1,0
6095,8,0,1,0
6096,8,0,1,0
6097,8,0,1,0
6098,8,0,3,0
6099,8,0,1,0
6100,8,0,3,0
6101,8,0,1,0
6102,8,0,3,0
6103,8,0,1,0
6104,8,0,3,0
6105,8,0,1,0
6106,8,0,3,0
6107,8,0,1,0
6108,8,0,1,0
6109,8,0,1,0
6110,8,0,1,0
6111,8,2,1,1
6112,8,0,1,0
6113,8,0,1,0
6114,8,0,1,0
6115,8,1,1,1
6116,8,1,1,1
6117,8,2,2,2
6118,8,1,1,1
6119,8,1,1,1
6120,8,2,2,2
6121,8,0,1,0
6122,8,0,1,0
6123,8,2,2,2
6124,8,0,1,0
6125,8,0,1,0
6126,8,0,1,0
6127,10,11,15,11
6128,10,5,5,5
6129,10,5,9,5
6130,8,2,2,2
6131,8,2,2,2
6132,8,2,2,2
6133,8,0,1,0
6134,8,0,1,0
6135,8,1,1,1
6136,8,0,1,0
6137,8,1,1,1
6138,8,0,1,0
6139,8,0,1,0
6140,8,0,1,0
6141,8,0,1,0
6142,8,2,2,2
6143,8,3,3,3
6144,8,0,1,0
6145,8,0,1,0
6146,8,2,1,1
6147,8,1,1,1
6148,8,0,1,0
6149,8,1,1,1
6150,8,2,2,2
6151,8,1,1,1
6152,8,0,1,0
6153,8,0,1,0
6154,8,0,1,0
6155,8,1,1,1
6156,8,0,1,0
6157,8,0,1,0
6158,8,0,1,0
6159,8,2,2,2
6160,8,0,1,0
6161,8,0,1,0
6162,8,0,1,0
6163,8,0,1,0
6164,8,0,1,0
6165,8,1,1,1
6166,8,1,1,1
6167,8,0,1,0
6168,8,0,1,0
6169,8,1,1,1
6170,8,1,1,1
6171,8,0,1,0
6172,8,0,1,0
6173,8,2,2,2
6174,8,0,1,0
6175,8,1,1,1
6176,8,1,1,1
6177,8,1,1,1
6178,8,1,1,1
6179,8,0,1,0
6180,8,0,1,0
6181,8,0,1,0
6182,8,0,1,0
6183,8,1,1,1
6184,8,1,1,1
6185,8,2,2,2
6186,8,2,2,2
6187,8,0,1,0
6188,8,0,1,0
6189,8,1,1,1
6190,8,1,1,1
6191,8,0,1,0
6192,8,0,1,0
6193,8,1,1,1
6194,8,1,1,1
6195,8,0,1,0
6196,8,1,1,1
6197,8,1,1,1
6198,8,1,1,1
6199,8,0,1,0
6200,8,1,1,1
6201,8,1,1,1
6202,8,1,1,1
6203,8,1,1,1
6204,8,2,2,2
6205,8,3,3,3
6206,8,0,1,0
6207,8,1,1,1
6208,8,1,1,1
6209,8,1,1,1
6210,8,2,2,2
6211,8,2,2,2
6212,8,2,2,2
6213,8,0,1,0
6214,8,1,0,0
6215,8,2,2,2
6216,8,2,2,2
6217,8,2,2,2
6218,8,0,1,0
6219,8,2,2,2
6220,8,0,1,0
6221,8,2,2,2
6222,8,0,1,0
6223,8,2,2,2
6224,8,0,1,0
6225,8,1,1,1
6226,8,0,1,0
6227,8,0,1,0
6228,8,1,1,1
6229,8,0,1,0
6230,8,0,1,0
6231,8,2,1,1
6232,8,0,1,0
6233,8,0,1,0
6234,10,10,10,10
6235,10,6,10,6
6236,8,0,1,0
6237,8,0,1,0
6238,8,0,1,0
6239,8,0,1,0
6240,8,2,2,2
6241,8,1,1,1
6242,8,0,1,0
6243,8,1,1,1
6244,8,1,1,1
6245,8,0,1,0
6246,8,1,1,1
6247,8,1,1,1
6248,8,0,1,0
6249,8,0,1,0
6250,8,2,2,2
6251,8,3,3,3
6252,8,0,1,0
6253,8,1,1,1
6254,8,1,1,1
6255,8,1,2,1
6256,8,0,1,0
6257,8,1,1,1
6258,8,2,2,2
6259,8,1,1,1
6260,8,2,1,1
6261,8,1,1,1
6262,8,1,1,1
6263,8,1,1,1
6264,8,1,1,1
6265,8,1,1,1
6266,8,0,1,0
6267,8,1,1,1
6268,8,0,1,0
6269,8,0,1,0
6270,8,1,1,1
6271,8,1,1,1
6272,8,1,1,1
6273,8,1,1,1
6274,8,2,2,2
6275,8,1,1,1
6276,8,1,1,1
6277,8,0,1,0
6278,8,0,1,0
6279,8,0,1,0
6280,8,0,1,0
6281,8,1,0,0
6282,8,0,1,0
6283,8,0,1,0
6284,3,3,3,3
6285,2,6,6,6
6286,1,9,9,9
6287,5,3,0,0
6288,5,9,8,8
6289,5,4,7,4
6290,5,9,8,8
6291,5,9,8,8
6292,5,3,0,0
6293,1,1,3,1
6294,3,4,4,4
6295,2,3,5,3
6296,2,5,5,5
6297,2,5,5,5
6298,1,2,2,2
6299,1,1,3,1
6300,6,7,7,7
6301,3,3,7,3
6302,3,7,7,7
6303,2,4,3,3
6304,1,4,4,4
6305,1,1,4,1
6306,1,3,3,3
6307,1,2,2,2
6308,1,3,3,3
6309,1,4,3,3
6310,1,2,2,2
6311,1,6,6,6
6312,1,2,1,1
6313,7,9,9,9
6314,1,2,2,2
6315,1,0,1,0
6316,3,5,5,5
6317,2,4,4,4
6318,6,3,3,3
6319,4,7,7,7
6320,1,2,1,1
6321,4,7,7,7
6322,1,4,4,4
6323,1,7,8,7
6324,1,8,8,8
6325,1,2,2,2
6326,1,1,1,1
6327,1,1,1,1
6328,1,4,4,4
6329,1,2,2,2
6330,1,1,1,1
6331,1,1,1,1
6332,1,4,4,4
6333,1,2,2,2
6334,7,8,8,8
6335,4,5,5,5
6336,4,5,5,5
6337,6,6,7,6
6338,5,5,5,5
6339,5,5,5,5
6340,7,4,4,4
6341,5,3,4,3
6342,7,3,4,3
6343,7,4,4,4
6344,5,5,5,5
6345,8,9,9,9
6346,8,9,9,9
6347,3,6,6,6
6348,7,9,9,9
6349,1,5,5,5
6350,5,6,6,6
6351,4,5,5,5
6352,4,5,5,5
6353,2,6,6,6
6354,2,6,6,6
6355,4,5,5,5
6356,2,6,6,6
6357,2,6,6,6
6358,2,6,6,6
6359,4,5,5,5
6360,1,3,3,3
6361,1,5,5,5
6362,2,6,7,6
6363,2,4,4,4
6364,2,6,7,6
6365,2,6,6,6
6366,2,4,4,4
6367,2,6,6,6
6368,3,6,6,6
6369,1,4,2,2
6370,1,4,2,2
6371,5,8,8,8
6372,5,9,9,9
6373,5,6,6,6
6374,3,5,3,3
6375,4,4,4,4
6376,5,7,7,7
6377,5,7,7,7
6378,5,7,7,7
6379,1,2,2,2
6380,1,5,5,5
6381,1,3,3,3
6382,1,5,5,5
6383,1,5,5,5
6384,1,5,5,5
6385,1,5,5,5
6386,1,4,4,4
6387,1,3,3,3
6388,1,1,1,1
6389,1,2,2,2
6390,1,3,3,3
6391,3,5,5,5
6392,1,1,1,1
6393,4,7,7,7
6394,8,12,12,12
6395,8,11,11,11
6396,7,18,14,14
6397,7,18,14,14
6398,1,3,3,3
6399,5,6,6,6
6400,3,8,8,8
6401,3,5,5,5
6402,4,4,5,4
6403,4,6,6,6
6404,1,11,11,11
6405,3,6,6,6
6406,3,5,5,5
6407,3,7,7,7
6408,1,5,5,5
6409,1,4,4,4
6410,5,6,7,6
6411,1,6,6,6
6412,1,5,5,5
6413,2,4,3,3
6414,3,7,7,7
6415,1,3,3,3
6416,1,4,4,4
6417,1,4,4,4
6418,1,3,3,3
6419,4,6,7,6
6420,1,3,3,3
6421,1,3,3,3
6422,1,8,8,8
6423,1,1,1,1
6424,1,1,1,1
6425,1,7,7,7
6426,1,1,1,1
6427,1,1,1,1
6428,1,1,1,1
6429,3,4,4,4
6430,1,4,4,4
6431,1,1,1,1
6432,2,0,1,0
6433,1,6,6,6
6434,1,2,2,2
6435,1,2,2,2
6436,1,5,7,5
6437,2,3,3,3
6438,1,5,9,5
6439,3,6,8,6
6440,8,12,12,12
6441,2,3,3,3
6442,1,2,3,2
6443,6,8,8,8
6444,3,11,6,6
6445,3,11,6,6
6446,3,7,7,7
6447,3,7,7,7
6448,3,11,11,11
6449,3,11,11,11
6450,3,11,6,6
6451,3,7,7,7
6452,7,7,7,7
6453,1,5,5,5
6454,1,3,3,3
6455,6,7,6,6
6456,1,2,2,2
6457,1,4,4,4
6458,5,4,4,4
6459,5,4,4,4
6460,1,3,7,3
6461,2,3,3,3
6462,1,11,9,9
6463,1,5,5,5
6464,3,6,5,5
6465,3,3,5,3
6466,2,2,2,2
6467,2,2,0,0
6468,2,2,0,0
6469,2,3,2,2
6470,2,3,3,3
6471,2,2,0,0
6472,2,3,3,3
6473,2,2,0,0
6474,2,2,4,2
6475,2,2,0,0
6476,2,2,0,0
6477,1,1,1,1
6478,4,7,7,7
6479,2,4,4,4
6480,1,5,1,1
6481,1,5,3,3
6482,1,1,3,1
6483,1,5,2,2
6484,1,2,2,2
6485,1,3,3,3
6486,1,3,5,3
6487,1,3,5,3
6488,1,5,5,5
6489,2,6,6,6
6490,2,5,5,5
6491,2,5,5,5
6492,2,6,5,5
6493,1,7,7,7
6494,1,4,4,4
6495,1,4,4,4
6496,2,2,3,2
6497,2,2,3,2
6498,2,2,3,2
6499,1,4,4,4
6500,5,11,7,7
6501,3,4,4,4
6502,1,2,2,2
6503,1,3,3,3
6504,3,6,7,6
6505,5,7,7,7
6506,1,5,7,5
6507,1,5,7,5
6508,1,3,3,3
6509,1,5,7,5
6510,2,5,5,5
6511,2,2,4,2
6512,1,3,3,3
6513,4,6,6,6
6514,2,2,5,2
6515,3,4,3,3
6516,3,5,5,5
6517,3,5,5,5
6518,2,2,2,2
6519,2,4,4,4
6520,4,11,11,11
6521,4,10,10,10
6522,4,7,7,7
6523,4,4,4,4
6524,2,3,4,3
6525,3,5,5,5
6526,3,5,5,5
6527,1,2,2,2
6528,1,6,6,6
6529,1,3,3,3
6530,1,2,2,2
6531,1,2,2,2
6532,1,2,2,2
6533,1,3,3,3
6534,1,10,10,10
6535,4,8,8,8
6536,4,8,8,8
6537,4,7,7,7
6538,3,5,5,5
6539,1,6,6,6
6540,1,2,2,2
6541,1,2,2,2
6542,1,1,1,1
6543,1,2,2,2
6544,1,2,2,2
6545,1,1,1,1
6546,1,7,7,7
6547,1,1,2,1
6548,1,1,2,1
6549,1,1,2,1
6550,5,7,7,7
6551,1,3,3,3
6552,1,1,2,1
6553,9,11,8,8
6554,8,13,13,13
6555,8,10,10,10
6556,1,3,3,3
6557,1,1,1,1
6558,1,1,1,1
6559,1,1,1,1
6560,1,1,1,1
6561,1,1,1,1
6562,1,1,1,1
6563,1,1,1,1
6564,1,3,3,3
6565,1,1,1,1
6566,1,3,3,3
6567,1,3,3,3
6568,1,3,5,3
6569,2,2,2,2
6570,2,2,2,2
6571,2,2,2,2
6572,2,2,2,2
6573,1,3,3,3
6574,5,5,5,5
6575,2,2,2,2
6576,5,5,5,5
6577,1,5,6,5
6578,1,5,6,5
6579,1,2,2,2
6580,1,2,2,2
6581,1,1,6,1
6582,1,1,6,1
6583,1,4,4,4
6584,1,1,1,1
6585,1,1,1,1
6586,1,3,3,3
6587,1,3,3,3
6588,1,5,5,5
6589,2,5,5,5
6590,2,5,5,5
6591,1,2,2,2
6592,7,10,12,10
6593,1,3,3,3
6594,1,11,11,11
6595,4,8,8,8
6596,1,4,4,4
6597,1,4,4,4
6598,1,4,2,2
6599,1,5,5,5
6600,1,1,1,1
6601,1,5,5,5
6602,1,3,3,3
6603,1,2,2,2
6604,1,5,5,5
6605,1,3,3,3
6606,3,4,4,4
6607,1,3,3,3
6608,1,5,3,3
6609,2,4,4,4
6610,1,1,11,1
6611,2,7,8,7
6612,2,3,4,3
6613,2,7,9,7
6614,2,10,12,10
6615,3,3,3,3
6616,3,3,3,3
6617,2,3,3,3
6618,2,8,9,8
6619,2,3,7,3
6620,8,5,5,5
6621,1,5,3,3
6622,1,2,3,2
6623,1,5,5,5
6624,1,7,7,7
6625,1,2,2,2
6626,1,9,9,9
6627,1,2,2,2
6628,1,4,4,4
6629,1,5,5,5
6630,1,2,1,1
6631,1,2,1,1
6632,3,7,7,7
6633,3,7,7,7
6634,2,7,7,7
6635,2,3,3,3
6636,1,4,4,4
6637,1,2,2,2
6638,1,2,2,2
6639,2,4,4,4
6640,2,7,7,7
6641,1,1,1,1
6642,1,2,2,2
6643,1,1,1,1
6644,1,1,4,1
6645,1,1,4,1
6646,1,2,2,2
6647,1,9,6,6
6648,1,2,2,2
6649,1,2,2,2
6650,1,2,2,2
6651,1,6,6,6
6652,1,2,2,2
6653,1,2,2,2
6654,1,2,2,2
6655,1,2,2,2
6656,1,7,7,7
6657,1,2,2,2
6658,1,2,2,2
6659,1,3,3,3
6660,1,5,5,5
6661,1,3,3,3
6662,1,3,3,3
6663,1,9,6,6
6664,1,6,6,6
6665,1,2,2,2
6666,1,2,2,2
6667,1,3,3,3
6668,1,3,3,3
6669,1,5,4,4
6670,1,5,4,4
6671,1,1,1,1
6672,1,3,3,3
6673,1,2,2,2
6674,1,6,6,6
6675,1,9,1,1
6676,1,2,2,2
6677,1,2,2,2
6678,1,3,3,3
6679,1,2,2,2
6680,1,2,2,2
6681,3,4,4,4
6682,1,8,8,8
6683,1,5,5,5
6684,1,5,5,5
6685,6,5,3,3
6686,1,13,14,13
6687,1,5,5,5
6688,3,4,5,4
6689,10,11,11,11
6690,6,10,9,9
6691,6,9,9,9
6692,6,8,8,8
6693,1,1,1,1
6694,1,1,1,1
6695,1,1,1,1
6696,1,1,1,1
6697,1,1,1,1
6698,1,1,1,1
6699,1,1,1,1
6700,4,10,10,10
6701,4,6,6,6
6702,1,1,1,1
6703,1,1,1,1
6704,1,1,1,1
6705,1,1,1,1
6706,1,4,4,4
6707,1,5,5,5
6708,3,4,6,4
6709,1,2,2,2
6710,7,8,8,8
6711,1,6,4,4
6712,1,1,2,1
6713,4,7,7,7
6714,4,8,8,8
6715,1,2,2,2
6716,2,2,1,1
6717,4,5,6,5
6718,1,2,2,2
6719,3,9,9,9
6720,5,16,16,16
6721,1,1,1,1
6722,4,11,11,11
6723,3,6,4,4
6724,5,11,8,8
6725,1,3,5,3
6726,5,7,7,7
6727,3,5,5,5
6728,2,6,6,6
6729,2,4,3,3
6730,2,4,4,4
6731,2,4,4,4
6732,2,4,4,4
6733,2,6,4,4
6734,2,6,4,4
6735,2,3,4,3
6736,2,6,6,6
6737,2,6,4,4
6738,2,3,4,3
6739,2,3,4,3
6740,2,5,6,5
6741,2,4,4,4
6742,2,6,4,4
6743,8,24,12,12
6744,8,9,9,9
6745,8,12,12,12
6746,8,18,18,18
6747,6,11,11,11
6748,1,1,1,1
6749,1,2,2,2
6750,5,6,4,4
6751,1,1,1,1
6752,1,1,1,1
6753,1,6,6,6
6754,5,5,4,4
6755,1,6,6,6
6756,1,4,4,4
6757,1,3,3,3
6758,1,7,7,7
6759,2,13,13,13
6760,1,4,4,4
6761,1,2,3,2
6762,1,2,2,2
6763,1,2,2,2
6764,1,3,3,3
6765,1,5,4,4
6766,7,13,13,13
6767,1,3,3,3
6768,4,6,6,6
6769,3,4,0,0
6770,3,4,0,0
6771,2,2,1,1
6772,2,4,4,4
6773,4,13,11,11
6774,4,13,11,11
6775,4,6,6,6
6776,1,2,5,2
6777,1,2,5,2
6778,1,2,2,2
6779,1,2,2,2
6780,1,5,4,4
6781,1,2,5,2
6782,1,3,2,2
6783,2,1,1,1
6784,1,4,4,4
6785,1,2,2,2
6786,1,3,3,3
6787,4,6,6,6
6788,2,2,2,2
6789,2,2,2,2
6790,2,5,5,5
6791,2,3,3,3
6792,2,2,2,2
6793,2,2,2,2
6794,3,9,8,8
6795,3,4,3,3
6796,3,5,5,5
6797,3,5,5,5
6798,3,3,6,3
6799,3,4,4,4
6800,3,4,5,4
6801,3,6,6,6
6802,3,5,2,2
6803,1,4,4,4
6804,1,4,4,4
6805,6,8,8,8
6806,6,7,10,7
6807,1,2,2,2
6808,1,4,6,4
6809,1,2,2,2
6810,2,1,5,1
6811,5,7,5,5
6812,8,10,10,10
6813,3,1,2,1
6814,3,0,1,0
6815,3,1,1,1
6816,5,0,2,0
6817,4,6,6,6
6818,2,5,5,5
6819,1,2,2,2
6820,1,4,4,4
6821,1,2,2,2
6822,2,6,6,6
6823,1,1,1,1
6824,1,1,1,1
6825,2,2,4,2
6826,4,9,8,8
6827,2,3,5,3
6828,4,5,6,5
6829,1,2,2,2
6830,1,6,6,6
