0,7,44,41,42,98,99,98,99,98,99,98,41
1,6,46,93,94,93,94,93,94,93,93,94,46
2,19,36,34,96,96,96,96,97,96,96,96,34
3,3,94,95,95,96,94,95,94,95,96,94,94
4,6,25,25,98,98,98,98,98,98,98,98,25
5,1,30,98,98,98,98,98,98,98,98,98,30
6,3,24,97,97,97,98,97,97,97,97,98,24
7,1,37,36,98,97,97,98,98,97,97,98,36
8,6,14,13,12,11,11,12,12,13,13,15,11
9,7,20,19,96,96,96,97,97,96,96,96,19
10,3,28,25,23,23,23,23,23,23,23,23,23
11,9,30,28,96,96,96,97,97,96,96,96,28
12,9,26,94,95,95,94,94,95,94,95,94,26
13,6,33,30,29,29,28,28,28,28,28,28,28
14,10,21,21,98,98,98,98,98,98,98,98,21
15,7,96,95,96,95,96,95,96,95,96,95,95
16,1,18,98,98,98,98,98,98,98,98,98,18
17,4,38,36,94,94,95,94,95,94,94,95,36
18,7,8,99,99,99,99,99,99,99,99,99,8
19,8,24,22,20,20,19,19,19,20,19,20,19
20,16,34,33,32,32,32,31,31,31,31,31,31
21,6,99,99,99,99,99,99,99,99,99,99,99
22,3,30,29,29,31,31,31,31,31,32,32,29
23,7,19,18,18,17,18,17,17,17,17,17,17
24,8,12,11,10,10,10,11,11,14,14,16,10
25,1,30,27,26,26,26,26,25,25,25,25,25
26,6,38,36,35,33,32,32,32,32,32,32,32
27,1,39,37,36,35,35,35,34,34,33,33,33
28,4,33,31,30,29,28,28,27,28,27,28,27
29,4,20,18,17,16,16,16,17,17,17,17,16
30,7,97,98,97,98,97,98,97,98,97,98,97
31,2,99,99,99,99,99,99,99,99,99,99,99
32,6,5,99,99,99,99,99,99,99,99,99,5
33,7,16,15,14,14,13,13,13,13,15,17,13
34,20,9,8,8,9,10,11,16,19,22,25,8
35,1,32,31,98,99,98,99,98,99,98,98,31
36,2,28,26,26,98,97,97,98,98,97,97,26
37,1,13,12,12,11,11,12,12,12,13,13,11
38,13,28,26,97,97,97,97,97,97,97,97,26
39,3,25,23,96,96,96,96,96,96,96,96,23
40,6,14,13,13,98,98,98,98,98,98,98,13
41,1,11,99,99,98,99,99,99,98,99,99,11
42,11,36,32,31,30,30,30,29,30,29,29,29
43,1,38,36,36,37,37,38,38,38,39,39,36
44,6,48,45,95,95,95,95,95,95,95,95,45
45,6,42,40,40,98,98,98,98,98,98,98,40
46,1,25,21,21,20,20,20,20,20,20,20,20
47,13,9,9,67,70,71,72,73,73,74,74,9
48,6,7,7,7,98,98,98,98,98,99,98,7
49,8,21,19,18,18,18,18,18,19,18,19,18
50,8,26,25,97,97,97,97,97,97,97,97,25
51,2,26,97,97,97,97,97,97,97,97,97,26
52,1,30,98,98,98,98,98,98,98,98,98,30
53,2,22,21,21,98,98,98,98,98,98,98,21
54,10,4,5,6,9,10,12,13,15,16,16,4
55,2,38,36,34,34,34,33,33,33,32,32,32
56,2,39,35,95,95,95,95,95,95,95,95,35
57,26,12,12,12,12,13,13,13,15,16,16,12
58,18,9,9,100,100,100,100,100,100,100,100,9
59,4,38,35,34,33,33,32,33,33,33,32,32
60,1,96,96,96,96,96,96,96,96,96,96,96
61,2,36,34,31,31,31,31,32,32,32,33,31
62,3,33,94,95,94,95,94,95,94,94,95,33
63,1,19,18,18,18,18,18,18,18,18,18,18
64,1,22,22,97,97,97,97,97,97,97,97,22
65,12,12,11,11,99,99,99,99,99,99,99,11
66,3,18,17,16,16,15,15,16,18,21,24,15
67,3,21,19,18,18,18,18,18,18,18,19,18
68,3,41,38,38,98,97,97,98,98,97,97,38
69,1,41,37,36,35,35,35,34,34,33,33,33
70,3,98,98,98,98,98,98,98,98,98,98,98
71,9,27,25,25,97,97,97,97,97,97,97,25
72,27,97,97,97,97,97,97,97,97,97,97,97
73,2,97,97,97,97,97,97,97,97,97,97,97
74,4,15,97,97,97,97,97,97,97,97,97,15
75,6,37,94,94,94,94,94,94,94,94,94,37
76,4,20,97,97,97,98,97,97,97,97,98,20
77,9,23,21,20,20,20,20,20,20,20,19,19
78,2,20,19,98,98,98,98,98,98,98,98,19
79,8,38,35,95,95,96,95,96,95,95,96,35
80,3,35,33,32,32,31,31,30,31,30,31,30
81,7,45,43,41,41,41,40,40,40,40,40,40
82,2,34,32,96,96,96,96,96,96,96,96,32
83,6,40,36,94,94,95,94,94,94,95,94,36
84,7,11,10,10,10,10,10,11,11,12,13,10
85,1,13,12,11,10,10,11,11,11,13,13,10
86,20,30,27,98,98,98,98,98,98,98,98,27
87,7,41,39,97,97,97,97,97,97,97,97,39
88,5,38,97,97,97,98,97,97,97,97,98,38
89,4,10,95,96,95,96,95,96,95,95,95,10
90,1,6,6,6,6,9,10,10,11,12,13,6
91,3,13,99,99,99,99,99,99,99,99,99,13
92,2,32,30,28,28,28,28,27,26,27,27,26
93,8,13,11,11,11,11,11,11,13,13,13,11
94,2,29,27,97,97,97,97,97,97,97,97,27
95,2,32,31,31,30,30,30,30,30,30,30,30
96,2,20,19,18,18,18,18,18,18,18,18,18
97,2,97,97,97,97,98,97,97,97,97,98,97
98,4,34,32,97,97,97,97,97,97,97,97,32
99,2,20,97,97,97,97,97,97,97,97,97,20
100,5,35,35,97,97,97,97,97,97,97,97,35
101,3,45,96,96,96,96,96,96,96,96,96,45
102,10,30,98,98,98,98,98,98,98,98,98,30
103,1,34,33,97,96,96,97,97,96,96,97,33
104,10,16,16,99,99,99,99,99,99,99,99,16
105,2,20,19,18,18,18,18,18,18,18,18,18
106,31,9,9,98,98,98,98,98,98,98,98,9
107,3,24,22,21,21,21,21,22,22,22,22,21
108,15,27,25,97,97,97,97,97,97,97,97,25
109,10,17,16,16,15,15,15,15,15,18,18,15
110,5,30,28,27,27,28,28,28,28,28,28,27
111,3,28,26,97,97,97,97,97,97,97,97,26
112,3,39,37,96,96,96,96,96,96,96,96,37
113,1,15,15,97,97,97,97,97,97,97,97,15
114,17,17,15,98,98,98,98,98,98,98,98,15
115,10,44,40,37,36,36,36,35,34,33,33,33
116,5,30,28,96,96,96,96,96,96,96,96,28
117,10,29,27,98,98,98,98,98,98,98,98,27
118,1,39,36,36,37,37,37,37,38,38,39,36
119,5,18,16,15,15,15,15,15,16,16,16,15
120,12,33,31,29,29,28,28,28,28,28,27,27
121,6,19,97,97,97,98,97,97,97,97,97,19
122,2,14,13,12,12,12,12,14,17,20,23,12
123,24,25,26,98,97,98,99,98,97,98,99,25
124,6,26,24,23,22,22,22,21,22,21,21,21
125,1,39,36,98,98,98,98,98,98,98,98,36
126,7,12,12,98,98,98,99,99,98,98,98,12
127,13,97,97,97,97,97,97,97,97,97,97,97
128,26,97,97,97,97,97,97,97,97,97,97,97
129,1,28,29,29,29,29,29,29,29,29,29,28
130,6,11,11,97,97,97,97,97,97,97,97,11
131,6,41,96,97,96,97,96,96,97,96,97,41
132,32,9,9,8,8,8,9,10,13,13,14,8
133,6,12,11,97,97,97,97,97,97,97,97,11
134,2,11,11,97,97,97,97,97,97,97,97,11
135,3,40,38,37,37,37,37,37,37,38,37,37
136,2,7,7,7,91,92,93,94,95,97,96,7
137,2,96,96,96,96,96,96,96,96,96,96,96
138,4,29,27,25,25,24,24,24,24,24,23,23
139,7,29,28,27,26,27,27,27,27,29,32,26
140,9,13,12,11,10,11,11,11,11,13,15,10
141,1,44,44,98,98,98,98,98,98,98,98,44
142,6,26,25,24,23,23,24,24,24,24,24,23
143,7,14,13,12,11,11,12,12,13,13,15,11
144,3,97,97,97,97,97,97,97,97,97,97,97
145,8,7,98,97,98,98,98,98,97,98,98,7
146,6,44,40,38,38,38,37,37,36,37,36,36
147,9,7,7,98,98,98,98,98,98,98,98,7
148,3,16,14,13,13,13,14,14,14,14,14,13
149,16,14,13,97,97,97,97,97,97,97,97,13
150,1,26,24,23,22,22,22,22,23,22,22,22
151,5,25,23,23,98,98,98,98,98,98,98,23
152,5,9,9,21,99,99,99,99,99,99,99,9
153,2,97,97,97,97,97,97,97,97,97,97,97
154,3,99,99,99,99,99,99,99,99,99,99,99
155,2,10,98,98,98,98,98,98,98,98,98,10
156,2,16,15,15,14,14,13,14,14,13,14,13
157,7,40,37,37,35,35,34,34,33,33,33,33
158,2,14,12,11,11,11,12,12,13,14,15,11
159,3,95,96,96,95,95,96,95,96,95,95,95
160,23,19,19,98,98,98,98,98,98,98,98,19
161,2,5,98,98,98,98,98,100,98,98,98,5
162,3,26,24,23,23,23,23,23,23,23,25,23
163,23,24,22,21,20,20,20,20,20,20,20,20
164,8,7,98,97,98,98,98,97,98,98,99,7
165,14,30,28,28,26,26,25,25,26,27,28,25
166,4,14,13,13,12,12,13,13,13,14,14,12
167,3,99,99,99,99,99,99,99,99,99,99,99
168,1,33,31,97,97,97,98,97,97,97,97,31
169,4,11,10,98,98,98,98,98,98,98,98,10
170,1,8,8,55,56,57,58,59,60,61,62,8
171,2,33,31,95,95,95,95,95,95,95,95,31
172,11,29,27,27,97,97,97,97,97,97,97,27
173,4,40,98,97,98,97,98,98,97,98,97,40
174,4,14,13,12,11,11,12,12,12,13,14,11
175,1,52,49,48,96,95,95,96,96,95,95,48
176,4,35,33,97,97,97,97,97,97,97,97,33
177,1,35,33,30,30,30,29,29,29,28,29,28
178,19,16,14,98,98,98,98,98,98,98,98,14
179,3,37,34,97,97,97,97,97,97,97,97,34
180,23,13,13,97,97,97,97,97,97,97,97,13
181,3,44,44,97,97,97,97,97,97,97,97,44
182,4,39,37,97,97,97,97,97,97,97,97,37
183,5,35,32,29,29,29,28,28,28,28,28,28
184,4,51,48,45,44,44,44,44,44,44,44,44
185,1,43,41,43,43,43,44,44,44,44,44,41
186,3,25,25,98,98,97,97,98,98,98,97,25
187,10,30,98,98,98,98,98,98,98,98,98,30
188,14,22,21,20,20,19,20,20,20,22,22,19
189,1,35,33,30,30,30,29,29,29,28,29,28
190,17,7,7,8,47,48,49,50,51,52,53,7
191,4,36,34,96,96,96,96,96,96,96,96,34
192,15,36,34,33,33,33,33,33,33,33,33,33
193,2,29,28,98,97,99,98,98,97,99,98,28
194,2,97,97,97,97,97,97,97,97,97,97,97
195,11,30,28,28,29,41,42,43,44,45,46,28
196,1,13,12,98,99,98,98,98,99,99,98,12
197,12,29,27,98,98,98,98,98,98,98,98,27
198,2,44,44,94,94,94,94,94,94,94,94,44
199,5,38,36,35,87,88,89,90,91,92,93,35
200,1,23,21,22,22,23,23,23,24,24,25,21
201,4,6,6,6,6,7,9,10,13,13,16,6
202,3,35,32,30,30,29,29,29,29,29,28,28
203,12,98,98,98,98,98,98,98,98,98,98,98
204,4,9,9,96,96,97,96,96,96,97,96,9
205,15,98,98,98,98,98,98,98,98,98,98,98
206,1,47,98,98,98,98,98,98,98,98,98,47
207,8,35,33,32,98,97,97,98,98,97,97,32
208,7,5,8,99,99,99,99,99,99,99,99,5
209,2,23,21,19,19,19,18,18,18,18,18,18
210,3,17,98,98,98,98,98,98,98,98,98,17
211,2,30,29,30,30,31,31,31,31,31,31,29
212,3,24,23,22,22,22,23,23,23,23,23,22
213,1,14,13,13,12,12,12,12,12,13,13,12
214,3,10,99,99,99,99,99,99,99,99,99,10
215,1,21,98,98,98,98,98,98,98,98,98,21
216,3,8,8,8,11,12,13,14,15,16,18,8
217,3,40,39,38,37,36,35,35,35,36,36,35
218,4,28,25,97,97,97,97,97,97,97,97,25
219,15,31,28,28,98,98,98,98,98,98,98,28
220,7,19,17,17,15,15,15,15,15,16,16,15
221,1,33,31,97,97,97,98,97,97,97,97,31
222,8,21,19,19,24,25,26,27,28,29,30,19
223,5,95,95,95,95,96,95,95,95,95,96,95
224,8,8,7,7,7,7,8,9,11,12,12,7
225,6,28,25,97,97,97,97,97,97,97,97,25
226,7,27,26,25,24,24,23,23,22,22,22,22
227,1,30,96,96,96,96,96,96,96,96,96,30
228,6,14,98,98,99,99,98,98,98,99,99,14
229,5,26,23,22,22,22,22,22,22,21,21,21
230,1,27,25,28,28,28,28,28,28,28,28,25
231,2,41,38,37,36,36,35,34,33,34,33,33
232,13,20,18,97,97,97,97,97,97,97,97,18
233,15,7,6,8,9,10,11,12,15,15,16,6
234,7,31,29,29,80,98,98,98,98,98,98,29
235,3,7,99,99,99,99,99,99,99,99,99,7
236,5,14,12,11,11,11,12,12,13,13,13,11
237,10,22,21,20,19,19,19,19,19,19,19,19
238,2,45,41,95,95,95,96,95,95,95,95,41
239,1,14,13,12,12,12,12,12,12,13,13,12
240,10,38,36,97,97,97,98,97,97,97,97,36
241,2,46,42,40,39,39,38,37,37,37,36,36
242,2,25,97,97,97,97,97,97,97,97,97,25
243,14,22,20,20,18,18,18,18,18,19,19,18
244,1,10,10,10,9,10,10,11,14,14,17,9
245,16,32,97,97,97,98,97,97,97,97,98,32
246,10,21,20,98,98,98,98,98,98,98,98,20
247,2,33,31,95,95,95,95,95,95,95,95,31
248,3,14,14,98,98,98,98,98,98,98,98,14
249,1,25,26,26,26,26,26,26,26,26,27,25
250,3,21,99,98,98,99,99,98,98,99,98,21
251,5,45,95,95,96,96,95,95,95,96,96,45
252,8,29,26,26,54,55,56,57,58,59,59,26
253,5,16,15,14,14,13,13,14,13,13,15,13
254,5,32,29,27,27,27,27,27,26,26,26,26
255,7,9,98,98,99,99,98,98,98,99,99,9
256,1,27,28,28,28,28,28,28,28,28,29,27
257,2,17,97,97,97,97,98,97,97,97,97,17
258,7,11,11,11,99,99,99,99,99,99,99,11
259,4,9,9,9,8,8,9,10,13,13,16,8
260,4,26,24,98,98,98,98,98,98,98,98,24
261,3,36,32,32,96,96,96,96,96,96,96,32
262,4,35,32,32,98,98,98,98,98,98,98,32
263,6,28,26,96,96,96,96,96,96,96,96,26
264,1,40,38,96,96,96,96,96,96,96,96,38
265,6,36,96,96,96,96,97,96,96,96,96,36
266,2,29,28,27,26,26,26,26,26,26,26,26
267,2,16,98,98,98,99,99,98,98,98,99,16
268,8,29,26,98,98,98,98,98,98,98,98,26
269,1,33,31,31,64,98,98,98,98,98,98,31
270,7,23,21,97,97,97,97,97,97,97,97,21
271,19,97,97,97,97,97,97,97,97,97,97,97
272,1,26,24,24,22,22,21,21,21,19,19,19
273,2,35,32,96,96,96,96,96,96,96,96,32
274,12,18,97,97,97,98,97,97,97,97,98,18
275,4,6,6,6,6,7,9,10,13,13,16,6
276,1,6,6,6,6,9,10,10,11,12,13,6
277,4,23,21,97,97,97,97,97,97,97,97,21
278,2,11,99,99,99,99,99,99,99,99,99,11
279,18,14,14,13,98,98,99,99,98,98,98,13
280,2,36,34,96,96,96,96,96,96,96,96,34
281,4,16,15,15,14,15,15,15,18,20,23,14
282,2,28,98,98,98,98,98,98,98,98,98,28
283,4,9,96,96,97,96,96,96,97,96,96,9
284,2,38,36,36,34,34,32,32,31,31,31,31
285,5,36,34,96,96,96,96,96,96,96,96,34
286,19,17,16,16,16,16,16,16,19,22,25,16
287,7,10,9,9,11,12,13,14,18,19,20,9
288,4,34,32,97,97,97,97,97,97,97,97,32
289,11,32,97,97,97,98,97,97,97,97,98,32
290,2,16,97,97,97,97,97,97,97,97,97,16
291,2,29,27,26,26,26,26,26,26,26,26,26
292,2,24,23,22,21,20,20,20,21,21,21,20
293,4,96,96,96,96,96,96,96,96,96,96,96
294,21,17,16,15,14,14,14,14,15,16,16,14
295,5,17,16,16,16,17,17,16,21,26,28,16
296,5,30,97,97,97,97,98,97,97,97,97,30
297,4,14,97,97,97,98,97,97,97,97,98,14
298,4,32,31,30,29,28,28,28,28,29,29,28
299,12,97,97,97,98,97,97,97,97,98,97,97
300,10,16,97,97,97,98,97,97,97,97,98,16
301,2,27,25,28,28,28,28,28,28,28,28,25
302,4,33,30,96,96,96,96,96,96,96,96,30
303,2,43,41,40,37,37,37,38,38,39,40,37
304,4,10,98,98,98,98,98,98,98,98,98,10
305,3,10,97,97,97,97,97,97,97,97,97,10
306,2,99,98,98,99,99,98,98,99,99,99,98
307,3,17,15,15,14,14,14,14,14,14,14,14
308,18,25,97,97,97,98,97,97,97,97,98,25
309,3,8,98,98,98,98,98,98,98,98,98,8
310,2,21,20,20,19,20,20,20,20,21,22,19
311,8,43,97,97,97,98,97,97,97,97,98,43
312,3,30,96,96,96,96,96,96,96,96,96,30
313,9,37,34,96,96,96,96,96,96,96,96,34
314,17,98,98,98,98,98,98,98,98,98,98,98
315,1,23,22,22,97,97,97,97,97,97,97,22
316,27,38,38,98,98,98,98,98,98,98,98,38
317,5,32,30,30,97,97,97,97,98,97,97,30
318,7,8,8,7,7,7,9,10,13,13,14,7
319,3,30,27,96,96,96,96,96,96,96,96,27
320,1,12,99,98,98,99,99,98,99,98,99,12
321,7,16,14,98,97,98,98,98,97,98,98,14
322,6,21,19,18,17,17,17,17,18,17,19,17
323,22,15,15,15,30,36,42,48,52,55,60,15
324,1,43,98,98,98,98,98,98,98,98,98,43
325,8,40,37,36,35,35,35,34,34,33,33,33
326,3,19,18,97,97,97,97,97,97,97,97,18
327,8,96,97,97,96,96,97,96,97,97,96,96
328,6,23,21,19,19,18,18,18,18,18,19,18
329,6,42,39,95,95,95,95,95,95,95,95,39
330,1,46,43,41,41,41,40,40,39,40,39,39
331,20,11,10,9,9,9,10,10,13,13,14,9
332,3,34,33,33,34,34,35,35,36,37,38,33
333,3,36,36,98,98,98,98,98,98,98,98,36
334,3,22,20,19,39,40,41,42,43,44,45,19
335,10,20,98,98,98,98,98,98,98,98,98,20
336,5,6,6,6,6,7,9,10,12,13,13,6
337,6,33,31,30,29,29,29,29,29,30,30,29
338,7,17,15,14,14,13,14,14,14,15,16,13
339,1,9,8,8,8,11,12,12,13,15,15,8
340,7,16,14,96,96,96,96,96,96,96,96,14
341,2,23,97,97,97,97,98,97,97,97,97,23
342,14,36,34,33,32,32,32,33,33,33,33,32
343,1,18,17,16,15,14,15,17,17,20,19,14
344,5,14,12,11,11,12,12,13,13,13,15,11
345,6,35,32,97,97,97,97,97,97,97,97,32
346,3,15,97,97,97,97,97,97,97,97,97,15
347,3,23,22,22,21,21,21,21,21,21,22,21
348,1,19,98,98,98,98,98,98,98,98,98,19
349,10,96,97,96,97,96,97,96,96,97,96,96
350,2,35,33,33,31,31,29,29,28,28,28,28
351,1,36,33,31,31,31,30,30,30,30,30,30
352,1,13,98,98,98,99,99,98,98,98,99,13
353,1,47,44,43,43,43,44,44,44,44,44,43
354,39,28,27,26,25,24,24,24,25,26,28,24
355,1,40,36,95,95,95,95,95,95,95,95,36
356,1,41,40,98,98,98,98,98,98,98,98,40
357,2,9,8,8,8,10,11,11,12,14,15,8
358,28,9,8,8,8,8,9,10,13,13,14,8
359,7,99,99,99,99,99,99,99,99,99,99,99
360,3,32,30,29,97,96,97,96,97,96,97,29
361,3,15,13,13,12,12,12,12,12,13,13,12
362,1,12,12,97,97,97,98,98,97,97,97,12
363,19,15,97,97,97,97,97,97,97,97,97,15
364,2,20,17,16,15,15,15,15,16,16,16,15
365,11,25,95,95,95,96,95,95,95,95,96,25
366,3,31,31,98,98,98,98,98,98,98,98,31
367,1,8,7,7,7,15,16,19,22,22,25,7
368,1,13,13,97,97,97,97,97,97,97,97,13
369,10,18,17,97,97,97,98,97,97,97,97,17
370,3,33,33,97,97,97,97,97,97,97,97,33
371,4,21,19,96,96,97,96,96,96,97,96,19
372,11,19,18,97,97,97,97,97,97,97,97,18
373,9,19,18,18,98,98,98,98,98,98,98,18
374,2,31,98,98,98,98,98,98,98,98,98,31
375,2,46,45,97,97,97,97,97,97,97,97,45
376,12,11,10,98,98,98,98,98,98,98,98,10
377,2,35,33,33,98,98,98,98,98,98,98,33
378,4,32,30,97,97,97,97,97,97,97,97,30
379,2,99,99,99,99,99,99,99,99,99,99,99
380,2,38,96,96,97,97,96,96,96,97,97,38
381,4,34,33,97,97,97,98,97,97,97,97,33
382,8,19,98,98,98,98,98,98,98,98,98,19
383,1,19,19,24,98,98,98,98,98,98,98,19
384,12,19,18,17,16,17,16,16,18,20,23,16
385,6,39,96,96,96,97,97,96,96,96,96,39
386,13,29,27,25,25,25,24,24,25,24,24,24
387,4,27,96,96,96,96,96,96,96,96,96,27
388,7,42,97,97,97,97,97,97,97,97,97,42
389,8,32,30,30,88,96,97,96,97,96,96,30
390,12,37,34,96,96,96,96,96,96,96,96,34
391,9,27,96,96,96,96,96,96,96,96,96,27
392,1,36,36,97,97,97,97,97,97,97,97,36
393,1,7,7,7,7,9,11,12,13,14,18,7
394,5,27,25,24,23,23,23,23,24,24,25,23
395,1,28,95,95,95,95,96,95,95,95,95,28
396,1,13,98,98,98,99,99,98,98,98,99,13
397,8,24,22,22,98,98,98,98,98,98,98,22
398,3,36,36,97,97,97,97,97,97,97,97,36
399,2,11,98,98,98,98,98,98,98,98,98,11
400,2,98,98,98,98,98,98,98,98,98,98,98
401,4,10,10,99,99,99,99,99,99,99,99,10
402,1,10,10,12,40,41,42,43,44,45,46,10
403,13,98,98,98,98,98,98,98,98,98,98,98
404,5,24,97,97,97,97,97,97,97,97,97,24
405,2,24,23,22,22,21,21,22,22,22,23,21
406,3,18,16,15,15,15,15,16,16,17,17,15
407,3,10,99,99,99,99,99,99,99,99,99,10
408,6,27,26,26,25,25,26,26,26,26,26,25
409,4,13,12,15,16,17,18,19,20,21,22,12
410,18,37,35,34,33,32,32,32,32,32,32,32
411,8,97,97,97,97,97,97,97,97,97,97,97
412,2,9,99,99,99,99,99,99,99,99,99,9
413,1,14,13,12,12,13,13,14,14,17,19,12
414,2,37,35,97,97,97,97,97,97,97,97,35
415,2,46,44,44,42,41,41,41,40,40,39,39
416,3,34,31,96,96,96,96,96,96,96,96,31
417,9,16,15,15,14,14,15,18,21,24,27,14
418,5,11,10,9,9,9,10,10,13,13,14,9
419,9,33,31,30,29,28,28,27,28,27,28,27
420,2,41,97,97,97,98,97,97,97,97,98,41
421,3,39,36,33,33,33,32,32,32,31,31,31
422,30,14,14,98,98,98,98,98,98,98,98,14
423,6,41,38,96,96,96,96,96,96,96,96,38
424,10,23,22,22,97,97,97,97,97,97,97,22
425,26,16,16,98,98,98,98,98,98,98,98,16
426,10,18,17,16,16,16,16,16,16,16,16,16
427,2,30,27,25,25,24,24,24,24,23,23,23
428,1,42,39,38,37,36,36,36,35,35,34,34
429,6,26,24,24,97,97,97,97,97,97,97,24
430,7,37,35,97,97,97,97,98,97,97,97,35
431,12,29,26,25,25,24,24,24,24,23,23,23
432,25,98,98,98,98,98,98,98,98,98,98,98
433,2,22,97,97,97,97,97,97,97,97,97,22
434,14,39,37,35,35,34,34,32,32,33,31,31
435,2,10,99,98,99,99,99,98,99,99,99,10
436,5,97,97,97,97,97,97,97,97,97,97,97
437,1,10,99,99,99,99,99,99,99,99,99,10
438,1,41,41,97,97,97,97,97,97,97,97,41
439,1,26,25,98,98,97,97,98,98,98,97,25
440,1,24,24,98,98,98,98,98,98,98,98,24
441,12,24,23,23,84,85,86,87,88,89,90,23
442,1,23,22,97,97,97,97,97,97,97,97,22
443,3,26,97,97,97,98,97,97,97,97,98,26
444,1,9,99,99,99,99,99,99,99,99,99,9
445,9,28,27,98,98,97,97,98,98,98,97,27
446,7,24,22,20,20,19,19,19,20,19,19,19
447,1,18,16,14,14,14,14,14,15,14,15,14
448,8,9,9,98,98,98,98,98,98,98,98,9
449,9,32,30,29,28,27,27,26,27,27,27,26
450,3,29,27,29,29,29,29,29,29,29,29,27
451,9,26,24,24,34,35,36,37,38,39,40,24
452,6,99,99,99,99,99,99,99,99,99,99,99
453,3,11,10,10,9,9,10,10,11,11,12,9
454,2,17,17,17,17,17,17,19,19,22,22,17
455,8,97,97,97,97,98,97,97,97,97,98,97
456,2,16,16,98,98,98,98,98,98,98,98,16
457,1,22,20,19,98,99,98,98,99,98,98,19
458,7,20,97,97,97,97,97,97,97,97,97,20
459,1,18,17,17,15,15,15,15,15,16,16,15
460,2,18,97,98,97,98,97,97,98,97,98,18
461,4,24,97,97,97,97,98,97,97,97,97,24
462,12,18,98,98,98,98,98,98,98,98,98,18
463,2,29,28,89,90,91,92,93,94,95,96,28
464,9,32,30,29,28,27,27,26,27,27,27,26
465,2,36,36,96,96,96,96,96,96,96,96,36
466,2,15,14,13,12,12,12,12,12,14,14,12
467,12,33,31,30,29,29,29,29,28,29,29,28
468,2,41,39,39,97,97,97,97,97,97,97,39
469,4,12,12,97,97,97,97,97,97,97,97,12
470,7,43,42,97,97,97,97,97,97,97,97,42
471,2,27,25,23,23,23,22,22,22,22,22,22
472,2,26,24,97,97,97,97,97,97,97,97,24
473,3,20,18,17,17,17,16,16,15,18,18,15
474,16,17,15,14,14,14,14,14,15,15,15,14
475,9,40,39,38,37,36,36,35,36,35,36,35
476,1,40,37,36,99,99,98,99,99,99,99,36
477,6,27,26,96,96,96,97,96,96,96,96,26
478,1,9,99,99,99,99,99,99,99,99,99,9
479,10,44,43,98,98,97,97,98,98,97,98,43
480,3,15,97,97,97,97,97,97,97,97,97,15
481,15,21,20,20,98,98,98,98,98,98,98,20
482,5,16,97,97,97,97,97,97,97,97,97,16
483,2,23,21,20,19,19,19,19,20,19,20,19
484,4,35,35,92,98,98,98,98,98,98,98,35
485,2,42,41,40,88,87,90,92,93,96,95,40
486,20,12,12,97,97,97,97,97,97,97,97,12
487,2,32,30,29,29,28,28,27,28,27,28,27
488,8,38,35,34,34,34,34,34,34,35,35,34
489,16,28,25,24,24,23,23,23,23,22,22,22
490,3,26,25,24,27,27,27,27,27,28,29,24
491,9,40,37,36,98,97,98,97,98,97,98,36
492,9,19,17,15,15,15,15,15,16,15,17,15
493,6,12,98,98,98,98,98,98,98,98,98,12
494,7,35,97,97,97,97,98,97,97,97,97,35
495,5,30,30,98,98,98,98,98,98,98,98,30
496,2,20,18,18,98,98,98,98,98,98,98,18
497,15,97,97,97,97,97,97,97,97,97,97,97
498,1,18,17,17,16,16,16,16,16,16,16,16
499,2,30,29,98,97,98,97,98,97,98,98,29
500,3,40,36,36,90,96,96,96,96,96,96,36
501,2,37,34,34,98,98,98,98,98,98,98,34
502,21,26,97,97,97,97,97,97,97,97,97,26
503,3,37,35,34,97,96,97,96,97,96,97,34
504,3,19,19,26,98,98,98,98,98,98,98,19
505,10,31,28,97,97,97,97,97,97,97,97,28
506,9,36,35,34,34,33,34,33,33,33,32,32
507,3,32,31,32,97,96,96,97,97,96,96,31
508,1,9,99,99,99,99,99,99,99,99,99,9
509,9,33,31,30,29,28,27,26,27,27,27,26
510,2,35,33,32,31,31,31,31,31,31,31,31
511,5,27,27,98,98,98,98,98,98,98,98,27
512,14,29,27,27,98,98,98,98,98,98,98,27
513,22,20,20,98,98,98,98,98,98,98,98,20
514,3,7,99,99,99,99,99,99,99,99,99,7
515,4,11,11,99,99,99,99,99,99,99,99,11
516,13,28,98,98,98,98,98,98,98,98,98,28
517,3,22,21,98,97,97,98,98,97,97,98,21
518,25,25,23,22,21,21,21,21,21,21,21,21
519,2,23,99,99,99,99,99,99,99,99,99,23
520,1,39,97,97,97,97,98,97,97,97,97,39
521,1,23,21,20,19,19,19,19,20,20,20,19
522,1,9,9,98,98,99,98,99,98,98,99,9
523,1,20,19,19,98,98,98,98,98,98,98,19
524,1,7,7,7,7,10,11,11,12,14,14,7
525,15,97,97,97,97,97,97,97,97,97,97,97
526,1,40,38,37,37,38,38,38,38,38,38,37
527,2,30,28,27,97,97,97,97,97,97,97,27
528,3,21,20,19,19,18,18,18,18,19,19,18
529,5,11,10,9,10,10,10,11,14,14,16,9
530,1,7,98,98,98,98,98,98,98,99,98,7
531,17,42,38,37,36,36,35,34,35,34,35,34
532,3,57,55,54,53,52,53,51,51,51,50,50
533,9,45,43,42,41,40,39,38,38,37,38,37
534,6,38,36,35,34,34,33,34,34,34,33,33
535,3,27,25,97,97,97,97,97,97,97,97,25
536,1,43,43,97,97,97,97,97,97,97,97,43
537,2,38,37,98,97,98,97,98,97,98,98,37
538,3,16,99,99,99,99,99,99,99,99,99,16
539,4,35,32,31,30,30,29,29,29,28,28,28
540,10,39,98,98,98,98,98,98,98,98,98,39
541,1,43,39,38,37,37,37,36,36,35,35,35
542,9,10,9,8,8,8,9,10,13,12,13,8
543,7,44,97,97,97,97,98,97,97,97,97,44
544,3,34,31,30,29,29,29,28,28,27,26,26
545,42,5,9,9,94,100,100,100,100,100,100,5
546,3,6,6,6,6,7,9,10,13,13,16,6
547,2,13,13,98,98,98,98,98,98,98,98,13
548,4,33,31,96,96,96,96,96,96,96,96,31
549,3,34,32,31,30,29,28,28,26,26,26,26
550,18,6,6,6,7,7,9,10,13,13,14,6
551,4,30,30,98,98,98,98,98,98,98,98,30
552,12,29,26,25,24,24,24,23,23,23,23,23
553,2,21,19,18,98,97,99,98,98,97,99,18
554,2,38,34,33,32,32,32,31,31,30,30,30
555,10,50,48,47,46,45,44,43,45,45,44,43
556,7,26,24,22,22,21,21,21,20,22,21,20
557,5,38,35,96,96,96,96,96,96,96,96,35
558,14,96,96,96,96,96,96,96,96,96,96,96
559,3,30,27,27,73,74,75,76,77,78,79,27
560,7,39,36,35,34,33,33,33,33,34,32,32
561,2,34,32,73,74,75,76,77,78,79,80,32
562,2,97,97,97,98,98,97,97,97,98,98,97
563,6,15,14,14,13,13,13,13,13,13,16,13
564,16,33,95,95,95,95,95,95,95,95,95,33
565,1,24,24,99,99,99,99,99,99,99,99,24
566,3,32,30,30,97,97,97,97,97,97,97,30
567,26,24,23,22,22,21,21,21,22,22,22,21
568,20,14,14,97,97,97,97,97,97,97,97,14
569,2,13,13,99,99,99,99,99,99,99,99,13
570,20,24,22,21,20,20,20,20,20,20,20,20
571,3,42,42,99,99,99,99,99,99,99,99,42
572,18,27,25,26,98,97,97,98,98,97,97,25
573,3,10,9,9,9,9,11,12,12,14,15,9
574,1,31,28,27,99,98,99,98,99,98,99,27
575,5,25,23,23,99,99,99,99,99,99,99,23
576,24,12,11,10,10,10,11,14,14,14,15,10
577,19,20,19,19,98,98,98,98,98,98,98,19
578,13,27,23,22,22,22,22,22,22,22,22,22
579,4,15,14,13,13,13,13,13,13,14,15,13
580,3,35,33,32,96,96,96,95,96,96,96,32
581,14,18,16,15,14,14,14,14,15,15,15,14
582,8,40,38,38,97,97,97,97,97,97,97,38
583,4,26,24,24,23,23,23,23,23,24,24,23
584,15,6,6,6,7,7,9,10,13,13,14,6
585,3,26,25,24,98,97,97,98,98,97,97,24
586,10,30,27,27,96,97,96,97,96,97,96,27
587,1,26,24,97,97,97,97,97,97,97,97,24
588,7,38,97,97,97,97,98,97,97,97,97,38
589,3,98,98,98,98,98,98,98,98,98,98,98
590,4,34,31,32,98,97,97,98,98,97,97,31
591,2,13,99,99,99,99,99,99,99,99,99,13
592,5,32,30,96,97,97,97,96,97,97,96,30
593,12,28,26,98,98,97,97,98,98,98,97,26
594,7,13,97,97,97,97,97,97,97,97,97,13
595,3,5,6,7,97,97,98,97,97,97,97,5
596,1,24,22,19,19,19,19,19,19,19,19,19
597,3,36,36,98,98,98,98,98,98,98,98,36
598,3,22,20,20,98,98,98,98,98,98,98,20
599,3,10,99,99,99,99,99,99,99,99,99,10
600,3,37,35,35,98,98,98,98,98,98,98,35
601,1,17,15,14,14,14,13,13,14,14,14,13
602,2,24,22,96,96,96,96,96,96,96,96,22
603,10,9,8,8,9,10,11,12,15,15,16,8
604,15,15,13,13,13,13,13,13,14,13,13,13
605,4,24,22,97,97,97,97,97,97,97,97,22
606,8,29,29,98,98,98,98,98,98,98,98,29
607,18,24,22,22,98,98,98,98,98,98,98,22
608,1,9,8,8,8,8,9,10,12,13,13,8
609,27,97,97,97,97,97,97,97,97,97,97,97
610,18,23,97,97,97,97,97,97,97,97,97,23
611,1,31,31,98,97,98,98,98,97,98,98,31
612,7,42,40,97,97,97,98,97,97,97,97,40
613,2,38,36,97,97,97,98,97,97,97,97,36
614,5,31,29,28,27,26,25,25,25,25,25,25
615,5,34,34,98,98,98,98,98,98,98,98,34
616,7,20,19,18,18,18,18,18,18,18,19,18
617,8,27,27,98,98,98,98,98,98,98,98,27
618,2,22,97,97,97,97,97,97,97,97,97,22
619,1,10,98,98,98,98,98,98,98,98,98,10
620,3,36,33,32,31,31,30,30,29,30,29,29
621,8,19,17,17,17,16,17,17,17,17,17,16
622,4,27,25,25,98,97,98,98,97,98,97,25
623,2,38,36,35,34,34,33,33,33,33,33,33
624,1,97,97,97,97,97,97,97,97,97,97,97
625,2,31,28,26,26,26,25,25,25,25,25,25
626,3,41,39,38,37,37,36,37,37,37,36,36
627,2,13,13,97,97,97,97,97,97,97,97,13
628,10,31,29,98,98,98,98,98,98,98,98,29
629,5,36,34,33,32,32,31,31,29,29,29,29
630,2,45,43,42,41,40,39,38,39,38,39,38
631,3,42,97,97,97,97,98,97,97,97,97,42
632,2,37,35,34,33,32,31,31,30,30,30,30
633,12,32,30,29,29,29,29,29,29,30,30,29
634,20,28,26,24,24,24,24,24,24,24,24,24
635,10,33,30,96,97,97,97,97,96,97,97,30
636,2,20,18,18,17,18,17,17,17,18,18,17
637,2,15,98,98,98,98,98,98,98,98,98,15
638,5,30,28,27,27,27,27,27,27,27,27,27
639,3,20,18,72,73,74,75,76,76,77,77,18
640,1,7,7,30,31,32,33,34,35,36,37,7
641,1,41,41,98,98,98,98,98,98,98,98,41
642,1,19,18,18,35,36,37,38,39,40,41,18
643,3,13,11,10,10,10,11,11,13,13,13,10
644,2,43,41,41,40,40,40,40,40,40,40,40
645,18,19,18,97,97,97,97,97,97,97,97,18
646,2,37,35,34,34,33,33,32,32,31,32,31
647,3,14,13,98,98,98,98,98,98,98,98,13
648,7,21,19,19,98,98,98,98,98,98,98,19
649,3,31,29,28,27,27,27,26,26,26,25,25
650,1,13,12,12,11,11,12,12,14,14,14,11
651,1,31,29,29,97,97,97,97,97,97,97,29
652,5,26,24,24,22,22,21,21,21,21,21,21
653,1,31,29,29,28,28,27,27,27,27,27,27
654,4,29,29,97,97,97,97,97,97,97,97,29
655,7,15,98,98,98,98,98,98,98,98,98,15
656,1,16,15,62,71,72,73,74,75,76,77,15
657,2,18,17,98,97,99,98,98,97,99,98,17
658,2,28,26,25,25,24,24,24,24,24,24,24
659,5,20,18,18,17,17,16,16,16,16,16,16
660,11,20,19,18,18,18,17,18,18,18,18,17
661,10,23,21,19,19,19,19,19,19,19,20,19
662,13,36,34,32,32,32,31,31,31,30,30,30
663,3,41,38,37,36,35,34,35,35,35,34,34
664,27,98,98,98,98,98,98,98,98,98,98,98
665,1,18,17,17,32,33,34,35,36,37,38,17
666,5,33,31,31,30,30,29,29,29,29,29,29
667,33,12,12,99,99,99,99,99,99,99,99,12
668,2,25,23,35,36,37,38,39,40,41,42,23
669,1,25,25,98,98,98,98,98,98,98,98,25
670,3,34,31,30,30,29,29,29,29,29,28,28
671,1,26,97,97,97,97,97,97,97,97,97,26
672,8,30,28,79,80,81,82,83,84,85,86,28
673,5,98,98,98,98,98,98,98,98,98,98,98
674,2,25,23,22,21,21,21,21,21,21,21,21
675,1,16,15,97,97,97,97,97,97,97,97,15
676,2,41,96,96,96,97,96,96,96,96,97,41
677,1,34,31,98,98,98,98,98,98,98,98,31
678,8,24,22,22,21,21,20,20,21,21,21,20
679,1,33,31,30,29,29,29,28,28,27,26,26
680,15,16,15,97,97,97,97,97,97,97,97,15
681,9,16,15,15,15,15,15,15,15,15,15,15
682,15,10,9,8,8,8,9,11,12,12,15,8
683,7,40,38,37,36,35,35,34,35,34,35,34
684,1,24,98,98,98,98,98,98,98,98,98,24
685,1,35,33,32,31,31,30,30,30,30,30,30
686,1,37,35,35,98,98,98,98,98,98,98,35
687,2,43,41,41,90,96,96,97,97,96,96,41
688,14,28,26,25,24,24,24,24,24,23,24,23
689,21,20,18,17,17,17,17,17,17,17,17,17
690,2,97,97,97,97,97,97,97,97,97,97,97
691,4,44,42,41,40,39,38,38,38,38,38,38
692,4,16,16,63,84,85,86,87,88,89,90,16
693,2,26,24,25,98,99,98,99,98,99,98,24
694,18,16,15,97,97,97,97,97,97,97,97,15
695,2,32,30,30,32,32,32,32,32,32,33,30
696,27,17,16,16,82,98,98,98,98,98,98,16
697,4,30,27,26,25,25,24,24,24,23,23,23
698,3,33,31,31,30,30,30,30,30,30,30,30
699,9,31,30,29,29,28,29,28,29,29,29,28
700,27,39,37,37,35,35,34,34,32,32,32,32
701,5,14,12,11,11,11,12,12,13,13,13,11
702,3,35,32,30,30,29,29,29,28,29,29,28
703,12,13,98,98,98,98,98,98,98,98,98,13
704,5,26,23,22,22,21,21,21,21,21,21,21
705,2,34,32,32,31,31,30,30,30,30,30,30
706,1,12,11,11,10,10,11,11,11,12,13,10
707,1,24,98,98,98,98,98,98,98,98,98,24
708,5,24,22,99,99,99,99,99,99,99,99,22
709,2,15,14,97,97,97,97,97,97,97,97,14
710,1,39,37,37,36,36,36,35,35,35,35,35
711,1,29,27,26,54,55,56,57,58,59,60,26
712,3,31,29,28,27,26,25,25,25,25,25,25
713,3,29,27,26,25,25,25,24,25,24,25,24
714,5,31,31,96,96,97,97,96,96,97,96,31
715,1,34,32,32,68,98,98,98,98,98,98,32
716,3,13,99,99,99,99,99,99,99,99,99,13
717,3,7,7,7,7,8,9,10,11,12,13,7
718,5,18,16,16,15,15,14,14,13,13,13,13
719,4,29,27,27,26,26,25,25,25,25,25,25
720,1,15,14,97,97,97,97,97,97,97,97,14
721,1,23,21,20,19,19,19,19,20,19,19,19
722,14,11,11,97,97,97,97,97,97,97,97,11
723,3,34,32,98,98,98,98,98,98,98,98,32
724,4,29,28,28,27,27,27,27,28,29,30,27
725,8,28,26,25,24,24,24,23,24,24,24,23
726,14,37,35,34,34,34,34,34,34,34,34,34
727,1,36,33,98,98,98,98,98,98,98,98,33
728,7,24,22,22,21,21,20,19,19,19,21,19
729,3,14,96,97,97,96,96,97,96,97,97,14
730,3,30,28,28,27,27,26,26,25,25,25,25
731,8,16,14,13,12,12,13,13,15,14,14,12
732,9,16,15,97,97,97,97,97,97,97,97,15
733,6,97,97,97,97,97,97,97,97,97,97,97
734,32,10,9,9,9,10,11,12,15,15,16,9
735,1,7,7,6,7,97,98,97,98,97,97,6
736,3,32,30,29,29,28,28,28,28,28,28,28
737,3,19,17,16,16,16,16,16,16,17,19,16
738,3,19,97,97,97,97,97,97,97,97,97,19
739,3,25,23,22,21,21,21,21,22,22,21,21
740,2,97,97,97,97,97,97,97,97,97,97,97
741,1,5,7,8,9,10,11,12,13,14,15,5
742,6,26,26,98,98,98,98,98,98,98,98,26
743,2,28,28,98,98,98,98,98,98,98,98,28
744,9,42,39,95,95,95,96,95,95,95,95,39
745,7,18,17,17,16,16,16,16,16,17,17,16
746,4,42,39,39,98,98,98,98,98,98,98,39
747,3,7,7,7,6,7,9,10,12,13,12,6
748,2,37,35,34,75,76,77,78,79,80,81,34
749,3,33,31,29,29,29,28,28,28,28,28,28
750,3,46,44,44,42,41,41,40,41,41,40,40
751,1,24,22,21,21,21,21,21,21,21,22,21
752,12,27,26,26,26,26,26,26,27,27,28,26
753,2,45,42,41,43,43,43,44,44,44,44,41
754,1,42,95,95,95,95,95,95,95,95,95,42
755,1,33,31,30,29,29,29,29,30,28,29,28
756,5,22,20,20,19,19,18,18,19,18,19,18
757,24,7,98,98,98,98,98,98,98,98,98,7
758,9,22,20,19,19,19,19,19,19,19,19,19
759,3,43,40,39,38,38,38,37,37,37,36,36
760,7,35,32,32,98,98,98,98,98,98,98,32
761,3,20,19,18,18,17,18,18,18,19,19,17
762,1,29,98,98,98,98,98,98,98,98,98,29
763,5,31,30,97,97,97,98,97,97,97,97,30
764,1,24,22,21,21,21,21,21,21,21,22,21
765,14,40,36,35,34,34,34,34,34,34,34,34
766,4,35,33,31,31,30,30,30,30,30,30,30
767,2,17,15,14,14,14,14,16,16,15,16,14
768,6,18,16,15,15,15,14,15,17,20,23,14
769,18,5,7,10,11,11,14,16,17,18,20,5
770,2,30,30,98,98,98,98,98,98,98,98,30
771,4,11,10,9,9,10,11,12,13,14,13,9
772,2,34,32,31,30,29,28,28,28,28,28,28
773,10,38,36,36,34,33,33,33,33,33,32,32
774,1,19,17,17,17,17,17,17,17,17,17,17
775,5,32,29,97,98,97,98,97,97,98,97,29
776,2,38,38,98,98,98,98,98,98,98,98,38
777,2,40,38,37,36,36,35,35,35,35,35,35
778,2,23,21,20,20,20,20,20,21,20,20,20
779,1,40,37,36,35,35,35,34,34,32,33,32
780,3,33,31,30,29,29,29,28,28,26,28,26
781,5,29,97,97,97,97,97,97,97,97,97,29
782,15,16,15,15,80,98,98,98,98,98,98,15
783,7,18,17,16,16,15,15,15,16,16,16,15
784,9,19,19,97,97,97,97,97,97,97,97,19
785,2,30,28,28,26,26,26,26,26,26,26,26
786,2,10,10,10,9,9,9,10,13,13,16,9
787,5,34,32,31,30,29,28,28,28,28,28,28
788,10,29,26,98,98,98,98,98,98,98,98,26
789,3,19,18,18,18,18,18,19,19,22,22,18
790,7,36,33,32,31,31,30,30,30,29,29,29
791,17,29,26,25,24,24,23,23,24,23,23,23
792,3,25,23,23,23,23,23,23,23,23,23,23
793,1,27,25,25,24,24,24,24,24,24,24,24
794,15,7,7,8,41,42,43,44,45,46,47,7
795,4,19,17,16,16,16,16,16,18,17,18,16
796,1,26,24,24,23,23,22,22,22,22,22,22
797,1,28,25,25,99,99,99,99,99,99,99,25
798,5,31,28,26,26,25,25,26,25,25,26,25
799,1,10,10,10,9,9,9,10,13,13,16,9
800,10,33,31,30,29,28,28,27,28,28,28,27
801,2,17,15,14,48,49,50,51,52,53,54,14
802,3,21,20,20,20,20,20,21,21,23,23,20
803,5,30,29,28,27,26,26,27,28,28,28,26
804,15,24,22,21,20,20,19,19,20,20,20,19
805,1,46,43,42,41,41,40,40,38,39,39,38
806,5,21,21,98,98,98,98,98,98,98,98,21
807,3,19,17,16,16,17,17,17,17,17,18,16
808,7,15,14,14,99,99,99,99,99,99,99,14
809,7,22,21,20,19,19,19,19,19,19,19,19
810,2,33,31,30,29,29,29,28,28,27,26,26
811,11,25,23,23,21,21,20,20,19,20,19,19
812,5,24,22,20,20,20,19,19,19,19,19,19
813,1,17,97,97,97,97,97,97,97,97,97,17
814,2,31,29,28,28,27,27,27,28,27,28,27
815,3,9,8,8,8,8,9,10,13,13,16,8
816,2,39,37,36,36,36,36,36,36,36,36,36
817,3,8,8,98,98,98,98,98,98,98,98,8
818,5,38,97,97,97,97,97,97,97,97,97,38
819,3,10,9,9,8,9,9,10,12,13,12,8
820,1,25,23,23,22,22,21,21,21,21,21,21
821,1,42,39,38,37,37,37,36,35,35,34,34
822,5,19,19,98,98,98,98,98,98,98,98,19
823,1,17,87,99,99,98,99,99,99,99,98,17
824,3,9,9,54,55,56,57,58,59,60,61,9
825,1,39,36,36,99,99,99,99,99,99,99,36
826,3,35,33,33,96,99,99,97,99,99,98,33
827,1,38,36,97,97,97,98,97,97,97,97,36
828,1,33,31,29,29,29,29,28,29,28,28,28
829,25,11,11,97,97,97,97,97,97,97,97,11
830,7,28,25,25,98,98,98,98,98,98,98,25
831,2,33,32,31,31,30,30,30,31,31,31,30
832,1,22,20,90,91,92,93,94,95,96,97,20
833,15,24,22,22,99,99,99,99,99,99,99,22
834,2,33,30,30,29,29,28,29,29,28,28,28
835,2,37,37,98,98,98,98,98,98,98,98,37
836,3,40,40,96,96,96,96,96,96,96,96,40
837,30,9,9,9,47,48,49,50,51,52,53,9
838,4,27,26,25,25,25,25,25,25,25,26,25
839,3,24,22,22,21,21,21,21,21,22,22,21
840,11,19,18,17,16,15,15,15,15,15,16,15
841,3,27,27,98,98,98,98,98,98,98,98,27
842,6,31,29,29,98,98,98,98,98,98,98,29
843,1,22,21,85,86,87,88,89,90,91,92,21
844,3,43,95,95,95,96,95,95,95,95,96,43
845,2,24,22,82,83,84,85,86,87,88,89,22
846,7,14,12,11,11,12,12,12,12,14,16,11
847,2,26,26,97,97,97,97,97,97,97,97,26
848,1,29,28,28,98,98,96,98,98,97,97,28
849,15,9,22,100,100,100,100,100,100,100,100,9
850,2,30,30,98,99,99,98,99,99,98,99,30
851,5,25,23,23,22,22,21,21,20,20,20,20
852,7,23,22,71,72,73,74,75,76,77,78,22
853,4,28,27,26,26,25,26,25,26,26,26,25
854,2,11,11,97,97,97,97,97,97,97,97,11
855,10,32,30,29,29,28,28,27,28,27,28,27
856,5,37,35,34,67,71,73,78,91,92,91,34
857,1,40,38,37,36,35,34,34,34,33,34,33
858,6,99,99,99,99,99,99,99,99,99,99,99
859,9,23,22,22,98,98,98,98,98,98,98,22
860,2,36,35,34,34,34,34,34,34,34,34,34
861,2,38,36,35,34,34,33,33,32,32,32,32
862,2,33,33,98,98,98,98,98,98,98,98,33
863,5,40,37,36,35,35,34,34,34,33,33,33
864,3,29,27,25,25,24,25,25,25,25,25,24
865,1,15,14,13,13,13,13,13,14,14,16,13
866,7,28,25,25,96,96,97,97,96,96,97,25
867,7,25,23,22,22,22,22,22,22,22,22,22
868,5,39,37,36,35,35,34,34,34,34,34,34
869,2,29,27,91,92,92,93,93,94,94,95,27
870,3,20,19,87,88,89,90,91,92,93,94,19
871,1,22,20,19,19,19,19,19,19,19,19,19
872,1,23,21,20,19,19,19,19,20,19,19,19
873,5,40,38,37,37,36,36,35,36,35,36,35
874,2,15,14,14,14,14,14,14,14,14,14,14
875,8,15,14,97,97,97,97,97,97,97,97,14
876,1,15,98,98,98,98,98,98,98,98,98,15
877,2,20,18,18,17,17,16,16,17,17,17,16
878,3,10,10,10,9,9,10,11,13,14,14,9
879,3,11,11,98,98,98,98,98,98,98,98,11
880,1,41,39,38,37,37,37,36,36,36,35,35
881,1,97,97,97,97,97,97,97,97,97,97,97
882,8,12,11,10,10,10,11,11,13,13,14,10
883,2,30,28,28,27,27,26,26,26,26,26,26
884,1,19,17,16,15,15,15,15,16,15,15,15
885,1,24,22,21,21,21,21,21,21,21,21,21
886,2,29,27,27,26,25,25,25,25,25,26,25
887,1,40,96,96,96,96,96,96,96,96,96,40
888,5,34,32,31,30,29,28,28,28,28,28,28
889,1,29,27,27,26,26,25,25,25,25,25,25
890,9,7,7,98,98,98,98,98,98,98,98,7
891,1,16,14,13,13,13,14,14,14,14,14,13
892,1,17,16,16,15,15,14,14,14,14,14,14
893,3,10,18,98,98,98,98,98,98,98,98,10
894,3,31,31,98,98,98,98,98,98,98,98,31
895,7,31,30,29,28,27,27,27,27,28,27,27
896,1,10,10,52,53,54,55,56,57,58,59,10
897,5,34,32,31,31,31,31,31,31,31,31,31
898,2,36,36,99,99,99,99,99,99,99,99,36
899,3,97,97,97,97,97,97,97,97,97,97,97
900,10,36,34,34,99,99,99,99,99,99,99,34
901,1,19,17,17,70,71,72,73,74,75,76,17
902,1,38,38,96,96,96,96,96,96,96,96,38
903,7,25,23,92,93,94,95,98,99,96,97,23
904,7,15,15,14,14,13,14,15,15,17,19,13
905,2,28,26,26,41,42,43,44,45,46,47,26
906,12,39,36,35,34,34,33,33,33,33,32,32
907,1,26,26,98,98,98,98,98,98,98,98,26
908,2,28,27,26,26,25,26,25,26,26,26,25
909,1,36,97,97,97,97,97,97,97,97,97,36
910,1,43,41,98,98,98,98,98,98,98,98,41
911,4,28,28,98,98,98,98,98,98,98,98,28
912,1,42,39,36,36,36,36,36,35,35,36,35
913,8,37,96,96,96,96,96,96,96,96,96,37
914,2,43,41,40,39,39,38,38,38,38,38,38
915,2,20,20,99,99,99,99,99,99,99,99,20
916,1,46,43,42,41,41,40,40,38,39,39,38
917,3,36,34,33,32,31,30,30,30,29,30,29
918,4,32,29,28,28,27,27,27,26,26,27,26
919,5,25,24,23,23,23,23,23,23,23,24,23
920,2,24,22,36,37,38,39,40,41,42,43,22
921,1,38,96,96,96,96,97,96,96,96,96,38
922,25,14,12,11,11,11,12,12,13,12,13,11
923,1,25,23,23,63,64,65,66,67,68,69,23
924,1,33,30,29,28,28,28,28,28,29,28,28
925,1,41,41,98,98,98,98,98,98,98,98,41
926,11,11,9,9,9,10,10,11,13,12,15,9
927,6,37,34,34,88,89,90,91,92,93,94,34
928,1,20,98,98,98,98,98,98,98,98,98,20
929,3,12,11,11,98,98,98,98,98,98,98,11
930,3,42,41,41,98,98,98,98,98,98,98,41
931,9,30,28,28,27,27,26,26,25,25,25,25
932,11,23,21,20,19,19,19,19,19,18,19,18
933,3,35,33,97,97,97,97,97,97,97,97,33
934,7,22,20,19,19,19,19,19,19,20,20,19
935,1,11,11,98,98,98,98,98,98,98,98,11
936,5,19,17,99,99,99,99,99,99,99,99,17
937,7,27,26,25,25,24,24,24,25,25,25,24
938,3,25,97,97,97,97,97,97,97,97,97,25
939,1,20,18,17,17,17,17,17,18,17,17,17
940,1,33,30,29,28,28,28,28,28,29,28,28
941,11,13,12,11,11,11,11,12,12,13,14,11
942,21,16,15,97,97,97,97,97,97,97,97,15
943,5,15,98,98,98,98,98,98,98,98,98,15
944,3,98,98,98,98,98,98,98,98,98,98,98
945,1,12,98,98,98,98,98,98,98,98,98,12
946,1,45,42,41,46,47,47,48,49,50,51,41
947,1,33,31,31,96,96,97,97,96,96,97,31
948,1,35,32,31,30,30,30,29,29,28,27,27
949,2,46,43,42,41,41,40,40,38,39,39,38
950,8,27,25,24,23,23,23,23,24,23,23,23
951,10,25,23,96,96,96,96,96,96,96,96,23
952,10,29,26,26,25,25,24,25,24,25,25,24
953,8,27,25,24,23,23,23,23,23,23,22,22
954,3,10,10,10,9,9,10,11,12,13,15,9
955,6,33,31,29,29,28,28,28,28,28,28,28
956,4,41,39,38,37,37,36,36,34,34,34,34
957,14,32,30,30,29,29,28,28,28,28,28,28
958,3,41,38,38,97,97,97,97,97,97,97,38
959,13,13,13,76,77,78,79,80,81,82,83,13
960,5,13,12,12,98,98,98,98,98,98,98,12
961,1,26,24,97,97,97,97,97,97,97,97,24
962,11,33,31,30,29,29,28,28,28,28,28,28
963,5,16,15,93,94,95,96,99,99,97,98,15
964,4,24,22,21,20,20,20,20,21,20,20,20
965,6,19,17,16,16,17,17,17,17,17,17,16
966,7,37,35,35,36,36,37,37,37,37,37,35
967,3,16,15,15,15,15,15,19,19,22,21,15
968,10,12,12,99,99,99,99,99,99,99,99,12
969,3,40,37,36,35,35,34,34,34,32,33,32
970,8,29,27,26,25,25,24,24,24,24,24,24
971,27,14,12,11,12,12,11,12,13,12,13,11
972,6,15,14,13,13,12,14,14,15,16,18,12
973,14,36,33,97,97,97,97,97,97,97,97,33
974,1,37,35,99,99,99,99,99,99,99,99,35
975,7,4,5,6,9,10,12,13,13,15,16,4
976,6,30,29,95,96,99,99,99,97,99,98,29
977,13,27,27,98,98,98,98,98,98,98,98,27
978,34,98,98,98,98,98,98,98,98,98,98,98
979,1,18,17,16,15,15,15,15,15,15,15,15
980,12,12,11,97,97,97,97,97,97,97,97,11
981,5,13,13,13,39,40,41,42,43,44,45,13
982,2,28,28,99,99,99,99,99,99,99,99,28
983,3,37,37,97,97,97,97,97,97,97,97,37
984,11,37,35,33,33,33,32,32,32,31,31,31
985,1,28,28,98,99,99,98,99,99,98,99,28
986,6,21,20,64,65,66,67,68,69,70,71,20
987,3,31,28,29,99,98,98,99,99,98,98,28
988,1,20,18,17,17,17,17,17,18,17,17,17
989,16,20,19,18,19,19,19,19,19,19,19,18
990,5,39,37,37,36,36,35,35,35,35,35,35
991,2,39,39,98,98,98,98,98,98,98,98,39
992,19,14,12,12,12,12,12,12,13,13,13,12
993,4,26,24,22,22,22,21,21,21,21,21,21
994,5,30,98,98,98,98,98,98,98,98,98,30
995,1,44,41,40,39,39,38,38,38,37,37,37
996,12,27,25,25,23,23,23,23,23,23,23,23
997,3,31,29,28,27,27,27,26,27,26,26,26
998,9,31,29,29,28,28,28,28,28,28,29,28
999,11,28,27,27,99,99,99,99,99,99,99,27
1000,14,13,12,11,12,12,12,12,13,13,14,11
1001,1,25,25,97,97,97,97,97,97,97,97,25
1002,8,22,20,20,19,19,19,19,19,19,19,19
1003,2,15,14,13,13,13,13,13,13,14,15,13
1004,16,27,24,23,22,22,22,22,22,22,22,22
1005,3,29,97,97,97,97,97,97,97,97,97,29
1006,9,33,31,96,96,96,96,96,96,96,96,31
1007,9,35,33,31,31,31,30,30,30,30,30,30
1008,1,18,18,18,97,97,97,97,97,97,97,18
1009,1,20,18,17,17,17,17,17,18,17,17,17
1010,27,10,10,10,9,11,11,12,13,16,19,9
1011,6,37,34,33,32,32,32,31,31,30,29,29
1012,2,32,32,98,98,98,98,98,98,98,98,32
1013,1,12,12,12,12,46,47,48,49,50,51,12
1014,12,23,21,20,20,19,19,19,20,19,20,19
1015,28,25,23,23,22,22,22,22,23,23,23,22
1016,21,12,98,98,98,98,98,98,98,98,98,12
1017,22,11,11,97,97,97,97,97,97,97,97,11
1018,6,39,36,35,35,35,34,34,33,33,35,33
1019,19,12,12,11,11,11,11,12,13,14,16,11
1020,13,22,20,19,19,18,19,19,20,20,20,18
1021,11,16,15,13,13,13,12,13,13,13,14,12
1022,5,12,11,11,98,98,98,98,98,98,98,11
1023,3,35,33,32,31,30,29,29,29,29,29,29
1024,1,24,22,21,20,20,20,19,20,20,20,19
1025,5,11,11,99,99,99,99,99,99,99,99,11
1026,9,35,33,31,31,31,30,30,30,30,30,30
1027,1,41,39,38,37,37,37,36,36,36,35,35
1028,3,14,14,98,98,98,98,98,98,98,98,14
1029,2,35,33,32,31,31,30,30,30,30,30,30
1030,23,17,16,16,98,98,98,98,98,98,98,16
1031,8,32,30,28,28,28,27,27,27,27,27,27
1032,2,43,41,40,39,38,38,37,38,37,38,37
1033,10,24,22,21,20,20,20,20,20,19,20,19
1034,3,19,17,16,16,17,17,17,17,17,18,16
1035,4,45,41,95,95,95,95,95,95,95,95,41
1036,17,10,10,98,98,98,98,98,98,98,98,10
1037,4,31,29,29,97,97,97,97,97,97,97,29
1038,1,20,18,17,17,17,17,17,18,17,17,17
1039,6,24,21,20,20,19,19,19,19,19,20,19
1040,2,30,27,27,99,99,99,99,99,99,99,27
1041,1,33,33,96,96,96,96,96,96,96,96,33
1042,6,7,7,98,98,98,98,98,98,98,98,7
1043,5,23,21,21,97,97,97,97,97,97,97,21
1044,15,24,21,21,99,99,99,99,99,99,99,21
1045,4,18,17,17,16,16,16,16,16,17,17,16
1046,1,19,18,18,18,18,18,18,18,18,18,18
1047,1,44,41,96,96,96,96,96,96,96,96,41
1048,30,14,12,11,11,11,12,12,12,13,13,11
1049,30,16,15,97,97,97,97,97,97,97,97,15
1050,1,19,17,17,99,99,99,99,99,99,99,17
1051,4,17,16,16,48,49,50,51,52,53,54,16
1052,3,30,28,27,26,26,26,26,26,26,26,26
1053,1,26,24,24,37,38,39,40,41,42,43,24
1054,17,30,28,27,26,26,26,25,25,25,25,25
1055,1,35,33,32,31,31,30,30,30,30,30,30
1056,7,10,10,10,10,10,11,12,14,15,15,10
1057,5,37,34,33,32,32,32,31,31,30,30,30
