46,1,2,1,1,0,3,3,2,2,3,2,0,,,Edit Size,Total Example,Correct,%,,Patch Distance,Count,Percentage
150,1,0,1,7,1,1,1,1,8,2,2,0,,152,1,200,45,22.5,,0,152,14.37
170,1,0,2,2,1,2,1,2,2,2,2,0,,,2,165,21,12.73,,1,97,9.17
215,1,0,1,5,1,6,1,1,1,1,6,0,,,3,153,27,17.65,,2,84,7.94
230,1,1,2,2,2,1,2,2,2,2,0,0,,,4,72,9,12.5,,3,81,7.66
249,1,0,0,1,4,1,1,1,4,1,1,0,,,5,75,7,9.33,,4,56,5.29
276,1,1,0,5,2,2,2,2,1,2,1,0,,,6,53,3,5.66,,5,58,5.48
339,1,5,0,6,1,1,1,5,6,6,1,0,,,7,64,8,12.5,,,,
352,1,1,2,0,1,2,2,2,1,2,2,0,,,8,38,6,15.79,,,,
367,1,1,0,1,1,2,1,1,1,2,2,0,,,9,35,5,14.29,,,,
368,1,0,1,1,2,3,3,1,1,1,1,0,,,10,35,5,14.29,,,,
395,1,0,1,1,1,2,1,1,1,1,1,0,,,11,17,3,17.65,,,,
396,1,1,0,4,1,1,2,2,2,1,4,0,,,12,21,3,14.29,,,,
437,1,1,2,0,3,1,3,3,1,2,4,0,,,13,14,0,0,,,,
439,1,0,3,5,5,1,2,4,5,1,4,0,,,14,13,1,7.69,,,,
522,1,2,2,1,0,1,2,1,2,2,2,0,,,15,18,1,5.56,,,,
524,1,1,0,2,2,1,3,2,1,1,1,0,,,16,8,1,12.5,,,,
530,1,1,0,2,1,1,2,2,2,2,1,0,,,17,7,0,0,,,,
650,1,0,8,1,1,7,1,1,1,1,8,0,,,18,11,1,9.09,,,,
675,1,0,1,1,1,1,1,1,1,1,1,0,,,19,8,0,0,,,,
684,1,1,1,0,2,3,2,3,2,2,2,0,,,20,7,2,28.57,,,,
706,1,0,7,1,1,8,1,1,1,1,1,0,,,21,5,1,20,,,,
720,1,0,9,1,2,1,9,2,2,8,8,0,,,22,3,1,33.33,,,,
793,1,0,1,18,1,1,1,1,1,2,1,0,,,23,4,0,0,,,,
796,1,1,1,1,0,2,2,1,2,2,2,0,,,24,3,0,0,,,,
799,1,0,11,1,12,1,1,1,12,12,1,0,,,25,4,2,50,,,,
813,1,2,1,1,3,2,0,3,2,3,2,0,,,,,,,,,,
820,1,2,1,2,1,3,1,3,2,0,3,0,,,,,,,,,,
876,1,0,0,1,5,6,0,5,1,6,1,0,,,,,,,,,,
884,1,8,7,2,1,0,2,8,9,9,8,0,,,,,,,,,,
887,1,1,2,9,8,0,7,1,2,1,8,0,,,,,,,,,,
889,1,1,2,1,2,2,0,1,1,2,2,0,,,,,,,,,,
896,1,1,2,1,1,1,1,0,1,1,1,0,,,,,,,,,,
923,1,1,0,2,1,1,2,1,1,2,1,0,,,,,,,,,,
924,1,1,0,2,2,2,1,2,1,2,2,0,,,,,,,,,,
935,1,3,3,4,1,1,2,1,0,3,3,0,,,,,,,,,,
939,1,0,1,3,1,1,1,2,1,1,1,0,,,,,,,,,,
945,1,3,1,3,0,1,1,1,1,1,2,0,,,,,,,,,,
979,1,0,1,5,1,6,2,6,1,6,1,0,,,,,,,,,,
988,1,0,3,1,1,1,1,1,1,4,1,0,,,,,,,,,,
1009,1,1,0,4,3,2,2,2,2,1,5,0,,,,,,,,,,
1013,1,0,2,1,1,1,1,3,1,2,3,0,,,,,,,,,,
1038,1,0,3,1,1,1,1,1,1,1,1,0,,,,,,,,,,
1041,1,1,1,2,2,2,2,2,2,0,2,0,,,,,,,,,,
1047,1,0,24,1,1,25,1,1,1,1,1,0,,,,,,,,,,
78,2,1,0,1,1,2,2,1,2,2,2,0,,,,,,,,,,
94,2,1,17,17,16,0,1,17,2,1,17,0,,,,,,,,,,
96,2,2,1,3,3,1,2,2,3,0,3,0,,,,,,,,,,
105,2,2,1,3,1,3,3,3,2,0,2,0,,,,,,,,,,
171,2,0,2,1,3,1,1,1,3,3,1,0,,,,,,,,,,
209,2,2,6,6,0,5,2,6,1,6,2,0,,,,,,,,,,
278,2,0,3,1,1,1,1,1,1,1,1,0,,,,,,,,,,
290,2,2,1,1,3,3,0,2,3,2,3,0,,,,,,,,,,
487,2,1,1,0,4,2,2,4,2,2,1,0,,,,,,,,,,
499,2,1,2,2,0,1,3,2,1,1,2,0,,,,,,,,,,
630,2,0,1,1,1,1,2,2,1,1,1,0,,,,,,,,,,
637,2,0,1,1,2,1,1,1,2,3,1,0,,,,,,,,,,
740,2,2,1,3,1,2,3,0,3,2,4,0,,,,,,,,,,
770,2,0,1,8,2,8,2,1,1,9,9,0,,,,,,,,,,
776,2,0,1,1,2,1,2,1,2,1,2,0,,,,,,,,,,
778,2,8,0,9,7,1,1,9,9,9,9,0,,,,,,,,,,
814,2,1,3,1,0,3,2,2,1,4,1,0,,,,,,,,,,
854,2,2,0,3,3,3,1,3,3,1,3,0,,,,,,,,,,
861,2,1,2,0,2,5,1,1,3,6,1,0,,,,,,,,,,
862,2,9,1,0,8,9,8,1,1,9,8,0,,,,,,,,,,
914,2,0,3,2,4,1,1,3,3,1,1,0,,,,,,,,,,
3,3,0,1,1,1,1,1,2,1,1,1,0,,,,,,,,,,
111,3,1,3,2,0,2,2,2,2,2,2,0,,,,,,,,,,
159,3,0,1,1,1,1,1,1,1,1,2,0,,,,,,,,,,
162,3,3,4,4,5,1,2,1,2,3,0,0,,,,,,,,,,
210,3,0,1,1,1,5,5,1,2,1,1,0,,,,,,,,,,
235,3,0,5,1,1,5,1,5,5,5,5,0,,,,,,,,,,
309,3,0,3,1,1,1,1,1,2,2,4,0,,,,,,,,,,
407,3,2,5,1,4,2,2,1,4,5,0,0,,,,,,,,,,
416,3,3,4,0,4,1,4,4,4,4,1,0,,,,,,,,,,
473,3,3,0,4,1,1,4,4,4,4,4,0,,,,,,,,,,
504,3,0,6,3,5,7,2,5,2,1,6,0,,,,,,,,,,
535,3,0,2,14,13,12,13,15,13,1,2,0,,,,,,,,,,
546,3,0,1,3,4,1,1,5,1,1,2,0,,,,,,,,,,
559,3,2,1,2,1,2,1,1,17,2,0,0,,,,,,,,,,
643,3,1,4,4,0,3,1,4,2,1,1,0,,,,,,,,,,
649,3,0,7,9,1,8,8,1,8,1,1,0,,,,,,,,,,
670,3,1,0,2,2,1,1,2,2,2,3,0,,,,,,,,,,
737,3,0,5,1,1,6,1,1,1,1,6,0,,,,,,,,,,
739,3,0,15,1,14,1,15,1,15,16,1,0,,,,,,,,,,
807,3,0,1,1,2,1,1,1,8,1,1,0,,,,,,,,,,
815,3,1,2,2,0,3,2,3,2,2,1,0,,,,,,,,,,
841,3,1,2,4,5,5,6,2,3,0,1,0,,,,,,,,,,
844,3,0,1,1,1,1,2,1,1,2,2,0,,,,,,,,,,
929,3,1,1,3,2,3,2,0,1,2,2,0,,,,,,,,,,
987,3,7,1,0,1,1,8,9,8,1,1,0,,,,,,,,,,
997,3,1,1,1,2,2,2,0,2,2,2,0,,,,,,,,,,
1034,3,0,1,8,1,1,8,1,1,7,8,0,,,,,,,,,,
204,4,1,0,2,1,2,2,2,2,2,2,0,,,,,,,,,,
277,4,1,0,1,2,1,2,2,2,1,2,0,,,,,,,,,,
297,4,0,1,3,4,4,5,3,3,2,2,0,,,,,,,,,,
378,4,0,9,1,1,1,1,1,10,1,1,0,,,,,,,,,,
461,4,3,2,2,1,2,1,1,0,3,4,0,,,,,,,,,,
548,4,1,0,1,3,2,3,2,1,1,2,0,,,,,,,,,,
579,4,1,1,0,13,14,2,2,2,1,1,0,,,,,,,,,,
605,4,1,0,1,2,2,1,2,1,2,1,0,,,,,,,,,,
795,4,0,1,8,1,1,1,1,1,1,1,0,,,,,,,,,,
295,5,0,1,1,1,1,1,1,1,1,1,0,,,,,,,,,,
344,5,0,3,3,1,3,4,3,4,4,3,0,,,,,,,,,,
575,5,1,1,2,0,10,10,11,1,1,9,0,,,,,,,,,,
652,5,0,1,2,5,1,1,5,1,2,6,0,,,,,,,,,,
787,5,0,5,1,1,1,1,1,6,6,1,0,,,,,,,,,,
960,5,2,1,2,2,0,1,1,2,1,1,0,,,,,,,,,,
990,5,1,0,21,1,1,1,20,1,20,21,0,,,,,,,,,,
44,6,1,1,1,1,1,0,2,2,2,2,0,,,,,,,,,,
133,6,1,1,0,2,2,2,2,6,2,2,0,,,,,,,,,,
563,6,1,0,5,5,2,2,6,6,2,1,0,,,,,,,,,,
18,7,0,1,1,1,1,1,1,1,1,2,0,,,,,,,,,,
126,7,0,2,2,1,2,1,2,1,1,1,0,,,,,,,,,,
208,7,0,1,1,1,1,2,2,1,2,1,0,,,,,,,,,,
258,7,1,1,0,1,1,2,1,1,2,1,0,,,,,,,,,,
287,7,7,8,8,0,8,8,8,8,7,8,0,,,,,,,,,,
494,7,0,1,1,1,1,1,1,1,1,2,0,,,,,,,,,,
612,7,1,0,2,1,2,1,2,2,2,2,0,,,,,,,,,,
975,7,5,5,5,1,1,1,1,0,4,4,0,,,,,,,,,,
145,8,6,1,0,1,1,2,6,1,1,7,0,,,,,,,,,,
164,8,2,1,1,2,2,2,1,1,1,0,0,,,,,,,,,,
725,8,8,1,1,0,9,2,7,2,2,2,0,,,,,,,,,,
731,8,0,1,2,3,3,4,2,3,1,2,0,,,,,,,,,,
1002,8,1,1,2,2,2,2,2,0,2,1,0,,,,,,,,,,
1031,8,0,1,1,1,1,1,1,1,1,1,0,,,,,,,,,,
449,9,1,1,3,2,1,0,3,11,1,2,0,,,,,,,,,,
464,9,1,1,2,1,3,1,0,2,11,1,0,,,,,,,,,,
492,9,0,2,2,1,1,1,1,1,1,3,0,,,,,,,,,,
542,9,0,1,1,1,1,1,1,1,2,1,0,,,,,,,,,,
732,9,2,1,1,0,3,3,2,3,2,3,0,,,,,,,,,,
187,10,0,1,1,1,2,1,2,1,2,1,0,,,,,,,,,,
246,10,0,1,1,2,3,3,1,1,2,1,0,,,,,,,,,,
300,10,0,1,1,5,2,1,1,1,2,1,0,,,,,,,,,,
335,10,1,1,0,2,2,2,1,2,1,2,0,,,,,,,,,,
1033,10,3,1,0,5,2,4,5,1,2,4,0,,,,,,,,,,
703,11,0,1,1,2,1,1,2,2,1,1,0,,,,,,,,,,
941,11,1,1,0,2,2,2,1,11,2,2,0,,,,,,,,,,
1021,11,10,11,11,0,1,11,11,11,11,1,0,,,,,,,,,,
376,12,1,0,2,2,2,2,2,2,1,1,0,,,,,,,,,,
752,12,0,1,1,1,2,1,2,2,6,2,0,,,,,,,,,,
980,12,1,1,2,0,2,2,2,1,2,2,0,,,,,,,,,,
722,14,0,1,2,1,1,3,1,1,1,3,0,,,,,,,,,,
1044,15,0,15,1,1,2,16,1,16,1,1,0,,,,,,,,,,
245,16,0,1,1,1,1,1,1,1,2,1,0,,,,,,,,,,
694,18,2,1,1,0,3,2,3,12,3,2,0,,,,,,,,,,
486,20,0,2,1,3,1,3,1,3,1,1,0,,,,,,,,,,
568,20,0,2,1,1,2,3,1,2,1,4,0,,,,,,,,,,
294,21,0,1,5,6,1,1,1,6,1,1,0,,,,,,,,,,
1017,22,0,1,0,1,1,1,21,1,1,1,0,,,,,,,,,,
829,25,20,21,1,1,1,2,1,1,0,20,0,,,,,,,,,,
922,25,0,2,1,3,1,1,2,2,3,1,0,,,,,,,,,,
25,1,4,5,3,6,7,2,3,6,6,1,1,,,,,,,,,,
41,1,3,3,2,3,2,3,3,2,1,3,1,,,,,,,,,,
60,1,2,3,1,3,3,3,8,3,4,2,1,,,,,,,,,,
90,1,1,1,2,2,2,2,1,2,1,1,1,,,,,,,,,,
113,1,1,2,2,2,2,2,3,2,3,3,1,,,,,,,,,,
244,1,1,6,3,6,2,5,5,4,3,4,1,,,,,,,,,,
315,1,1,2,2,2,2,8,8,3,2,3,1,,,,,,,,,,
362,1,4,1,2,5,5,5,2,2,5,5,1,,,,,,,,,,
393,1,1,2,2,2,2,2,2,8,3,2,1,,,,,,,,,,
402,1,2,1,2,3,3,2,3,2,3,3,1,,,,,,,,,,
413,1,2,3,1,3,3,2,2,3,3,4,1,,,,,,,,,,
498,1,2,8,1,9,2,2,3,3,8,8,1,,,,,,,,,,
521,1,2,3,3,3,4,1,3,4,2,4,1,,,,,,,,,,
541,1,1,2,2,27,27,2,26,27,3,2,1,,,,,,,,,,
619,1,1,4,1,3,1,1,1,1,4,1,1,,,,,,,,,,
640,1,1,1,8,8,8,7,7,7,1,1,1,,,,,,,,,,
665,1,1,2,4,2,4,5,5,1,4,2,1,,,,,,,,,,
685,1,3,2,2,3,1,2,3,2,2,3,1,,,,,,,,,,
707,1,2,2,1,1,4,3,1,4,3,3,1,,,,,,,,,,
715,1,10,11,11,1,2,2,11,11,11,2,1,,,,,,,,,,
751,1,2,2,3,4,1,3,4,3,2,1,1,,,,,,,,,,
865,1,1,1,2,2,1,1,2,2,2,2,1,,,,,,,,,,
871,1,1,2,6,2,2,2,2,7,2,2,1,,,,,,,,,,
901,1,2,3,3,3,3,1,3,2,3,3,1,,,,,,,,,,
902,1,1,2,1,2,1,5,2,2,2,3,1,,,,,,,,,,
909,1,1,2,2,2,2,3,2,2,1,2,1,,,,,,,,,,
940,1,1,2,1,2,2,2,2,3,2,2,1,,,,,,,,,,
947,1,3,2,2,3,4,4,2,13,1,4,1,,,,,,,,,,
948,1,1,1,5,6,5,4,2,1,5,4,1,,,,,,,,,,
1024,1,14,2,2,2,14,14,2,1,1,13,1,,,,,,,,,,
1055,1,2,3,3,3,3,2,1,2,1,3,1,,,,,,,,,,
155,2,7,1,3,3,2,2,3,3,3,7,1,,,,,,,,,,
231,2,1,2,2,2,3,2,2,2,3,2,1,,,,,,,,,,
267,2,4,2,3,2,4,1,1,3,5,1,1,,,,,,,,,,
306,2,2,4,5,3,5,1,3,4,6,4,1,,,,,,,,,,
350,2,2,1,4,3,5,3,3,2,5,2,1,,,,,,,,,,
454,2,3,2,2,4,1,3,4,3,4,3,1,,,,,,,,,,
456,2,3,3,4,2,2,2,3,1,2,3,1,,,,,,,,,,
562,2,8,2,1,2,2,1,2,3,3,7,1,,,,,,,,,,
623,2,2,2,25,25,2,1,3,2,2,3,1,,,,,,,,,,
636,2,2,2,1,11,11,10,1,2,2,2,1,,,,,,,,,,
705,2,2,2,3,1,2,3,3,2,3,2,1,,,,,,,,,,
748,2,2,12,2,2,12,13,3,1,3,1,1,,,,,,,,,,
772,2,1,1,5,4,2,2,2,3,2,3,1,,,,,,,,,,
777,2,3,4,4,5,4,4,5,4,5,1,1,,,,,,,,,,
835,2,1,2,2,1,2,2,2,2,1,2,1,,,,,,,,,,
883,2,2,2,1,3,3,2,2,2,4,2,1,,,,,,,,,,
915,2,2,2,1,3,1,3,1,2,2,3,1,,,,,,,,,,
91,3,2,1,1,3,1,3,3,3,3,3,1,,,,,,,,,,
112,3,1,4,1,4,4,4,4,2,2,2,1,,,,,,,,,,
307,3,1,4,2,5,1,5,5,2,2,4,1,,,,,,,,,,
514,3,3,2,4,3,3,1,3,4,1,2,1,,,,,,,,,,
528,3,3,3,3,2,2,2,1,3,3,3,1,,,,,,,,,,
597,3,2,2,3,2,3,3,2,3,1,2,1,,,,,,,,,,
599,3,3,3,2,5,2,5,2,1,4,3,1,,,,,,,,,,
712,3,2,8,9,1,8,8,2,2,2,8,1,,,,,,,,,,
716,3,7,1,7,7,7,7,7,7,7,7,1,,,,,,,,,,
717,3,1,1,1,2,6,2,2,6,2,2,1,,,,,,,,,,
736,3,1,1,2,2,2,2,2,2,2,2,1,,,,,,,,,,
789,3,3,1,4,2,2,4,1,4,3,2,1,,,,,,,,,,
878,3,1,1,2,1,1,1,2,2,2,1,1,,,,,,,,,,
893,3,2,1,3,4,2,5,3,1,2,2,1,,,,,,,,,,
1052,3,1,1,1,2,1,2,2,2,15,2,1,,,,,,,,,,
176,4,1,2,2,3,2,1,2,2,2,2,1,,,,,,,,,,
469,4,1,2,2,3,2,2,3,3,2,3,1,,,,,,,,,,
583,4,5,1,1,1,1,1,2,2,2,4,1,,,,,,,,,,
110,5,1,2,10,11,2,3,11,11,12,10,1,,,,,,,,,,
152,5,4,2,2,2,1,2,2,2,2,1,1,,,,,,,,,,
638,5,2,2,2,1,2,2,5,2,2,2,1,,,,,,,,,,
775,5,28,2,3,2,4,4,1,3,2,27,1,,,,,,,,,,
888,5,2,6,3,3,7,3,1,3,7,5,1,,,,,,,,,,
1,6,1,1,1,1,3,2,3,2,1,2,1,,,,,,,,,,
972,6,2,1,3,2,3,2,3,2,2,1,1,,,,,,,,,,
30,7,7,1,2,3,3,8,8,2,8,2,1,,,,,,,,,,
220,7,2,1,2,1,3,2,3,3,1,2,1,,,,,,,,,,
234,7,1,2,1,1,1,2,2,2,2,3,1,,,,,,,,,,
809,7,1,1,2,2,1,2,2,2,1,2,1,,,,,,,,,,
867,7,2,2,2,1,2,2,2,1,2,2,1,,,,,,,,,,
93,8,1,3,2,2,4,3,2,1,3,4,1,,,,,,,,,,
678,8,2,2,1,1,3,3,1,2,2,3,1,,,,,,,,,,
882,8,1,1,8,2,8,2,2,2,1,8,1,,,,,,,,,,
950,8,9,9,2,2,2,1,2,2,9,8,1,,,,,,,,,,
147,9,2,1,1,2,2,2,1,2,2,2,1,,,,,,,,,,
475,9,2,3,2,3,2,3,2,2,1,3,1,,,,,,,,,,
681,9,1,2,2,11,8,10,10,9,10,1,1,,,,,,,,,,
349,10,2,3,3,3,3,2,1,2,4,4,1,,,,,,,,,,
467,12,12,1,2,13,2,1,13,2,2,13,1,,,,,,,,,,
578,13,5,5,3,3,3,4,2,3,1,2,1,,,,,,,,,,
1000,14,2,3,1,2,3,3,2,2,3,2,1,,,,,,,,,,
680,15,5,1,6,2,6,2,6,2,2,2,1,,,,,,,,,,
149,16,1,2,2,2,2,2,1,2,2,2,1,,,,,,,,,,
992,19,2,1,2,1,3,2,2,3,3,2,1,,,,,,,,,,
942,21,1,2,6,6,1,2,5,5,3,1,1,,,,,,,,,,
180,23,2,1,2,3,3,3,1,3,3,3,1,,,,,,,,,,
72,27,2,5,1,2,4,3,5,3,3,4,1,,,,,,,,,,
667,33,2,1,3,2,2,3,3,2,2,3,1,,,,,,,,,,
978,34,1,2,3,2,3,3,2,2,2,3,1,,,,,,,,,,
16,1,4,4,3,4,2,3,3,4,3,2,2,,,,,,,,,,
185,1,3,4,4,2,4,4,3,5,4,4,2,,,,,,,,,,
189,1,2,3,3,3,3,4,3,3,3,4,2,,,,,,,,,,
200,1,4,4,4,4,2,4,4,4,3,3,2,,,,,,,,,,
221,1,3,3,3,3,4,5,4,5,2,5,2,,,,,,,,,,
269,1,4,3,3,2,4,3,3,2,5,4,2,,,,,,,,,,
383,1,3,7,2,4,6,4,3,3,2,2,2,,,,,,,,,,
440,1,2,3,3,3,3,3,2,3,3,2,2,,,,,,,,,,
508,1,11,3,4,2,5,12,12,11,3,4,2,,,,,,,,,,
574,1,4,4,3,3,4,5,3,4,5,2,2,,,,,,,,,,
624,1,3,2,3,4,2,3,4,4,3,3,2,,,,,,,,,,
656,1,4,3,3,2,4,3,4,4,4,3,2,,,,,,,,,,
679,1,2,3,3,3,3,3,3,4,2,3,2,,,,,,,,,,
727,1,3,2,3,3,4,2,4,4,3,3,2,,,,,,,,,,
797,1,3,4,2,3,4,3,3,3,2,3,2,,,,,,,,,,
823,1,3,6,5,2,7,2,4,3,5,3,2,,,,,,,,,,
828,1,4,4,3,4,3,3,3,4,2,3,2,,,,,,,,,,
843,1,2,3,2,3,2,3,3,3,3,3,2,,,,,,,,,,
872,1,11,12,12,11,12,12,2,2,12,10,2,,,,,,,,,,
891,1,2,3,3,10,10,4,10,3,3,3,2,,,,,,,,,,
928,1,3,2,3,3,3,2,2,2,4,3,2,,,,,,,,,,
1008,1,3,4,2,3,4,4,3,4,4,5,2,,,,,,,,,,
1046,1,2,2,2,3,3,3,2,3,3,3,2,,,,,,,,,,
51,2,3,2,4,4,3,4,3,3,4,4,2,,,,,,,,,,
61,2,2,2,2,2,2,3,3,2,2,2,2,,,,,,,,,,
137,2,33,32,3,34,2,3,34,2,2,3,2,,,,,,,,,,
153,2,6,2,2,2,2,2,2,2,2,5,2,,,,,,,,,,
242,2,2,2,3,3,5,3,3,3,3,3,2,,,,,,,,,,
247,2,4,3,4,3,3,3,3,2,5,4,2,,,,,,,,,,
266,2,6,6,6,2,5,6,5,3,3,3,2,,,,,,,,,,
400,2,2,9,3,3,3,10,10,3,3,3,2,,,,,,,,,,
412,2,2,2,3,3,2,3,2,3,4,3,2,,,,,,,,,,
414,2,2,18,3,3,19,3,19,3,3,3,2,,,,,,,,,,
435,2,4,2,3,3,4,4,4,3,4,3,2,,,,,,,,,,
460,2,2,4,4,3,4,4,3,4,4,4,2,,,,,,,,,,
463,2,3,4,4,2,3,3,4,4,4,5,2,,,,,,,,,,
501,2,3,3,8,8,9,9,7,8,2,3,2,,,,,,,,,,
547,2,3,4,3,2,4,8,9,2,2,3,2,,,,,,,,,,
553,2,2,2,3,3,3,3,3,3,4,3,2,,,,,,,,,,
591,2,3,5,2,4,3,4,4,4,4,4,2,,,,,,,,,,
613,2,3,4,4,4,4,2,4,4,11,5,2,,,,,,,,,,
618,2,6,6,3,6,3,3,5,3,2,6,2,,,,,,,,,,
657,2,3,2,3,4,4,4,3,3,3,4,2,,,,,,,,,,
786,2,2,5,3,3,6,6,6,3,3,6,2,,,,,,,,,,
810,2,3,4,2,3,4,5,4,5,4,5,2,,,,,,,,,,
816,2,3,4,2,2,3,4,3,4,3,5,2,,,,,,,,,,
831,2,4,3,3,4,2,2,2,3,3,3,2,,,,,,,,,,
898,2,3,8,4,4,2,7,4,3,5,3,2,,,,,,,,,,
1003,2,4,2,2,2,2,2,3,5,3,3,2,,,,,,,,,,
1012,2,6,6,2,7,7,7,7,3,7,7,2,,,,,,,,,,
1029,2,3,4,4,5,2,3,3,4,4,5,2,,,,,,,,,,
101,3,3,4,2,2,4,4,3,3,3,3,2,,,,,,,,,,
179,3,3,4,3,4,2,3,2,3,2,4,2,,,,,,,,,,
334,3,2,8,8,8,3,3,3,8,3,4,2,,,,,,,,,,
647,3,9,8,3,3,9,9,2,8,2,9,2,,,,,,,,,,
826,3,2,3,3,4,2,3,3,3,4,3,2,,,,,,,,,,
98,4,4,5,4,5,4,3,4,3,3,2,2,,,,,,,,,,
302,4,3,3,2,2,2,4,3,4,4,4,2,,,,,,,,,,
387,4,3,3,6,6,3,3,4,4,4,2,2,,,,,,,,,,
1051,4,2,3,3,4,3,4,3,3,4,4,2,,,,,,,,,,
236,5,4,3,3,2,4,3,5,5,4,4,2,,,,,,,,,,
317,5,4,2,5,5,5,3,3,4,4,4,2,,,,,,,,,,
336,5,3,2,6,6,4,3,4,4,3,3,2,,,,,,,,,,
511,5,2,3,5,4,4,5,4,5,6,2,2,,,,,,,,,,
529,5,2,2,8,6,7,7,8,8,2,7,2,,,,,,,,,,
756,5,12,2,12,2,2,2,2,12,2,13,2,,,,,,,,,,
806,5,2,5,4,4,6,5,4,5,3,3,2,,,,,,,,,,
21,6,3,2,4,4,3,3,3,5,4,2,2,,,,,,,,,,
328,6,3,3,4,4,4,2,4,4,3,5,2,,,,,,,,,,
742,6,3,3,2,4,2,14,4,4,4,3,2,,,,,,,,,,
965,6,6,3,2,6,7,7,7,7,7,6,2,,,,,,,,,,
359,7,3,2,3,2,3,3,2,3,3,3,2,,,,,,,,,,
913,8,4,3,5,5,3,5,4,4,2,6,2,,,,,,,,,,
699,9,11,2,2,10,2,2,11,2,2,11,2,,,,,,,,,,
1006,9,20,20,20,19,3,2,19,3,2,3,2,,,,,,,,,,
1026,9,3,2,2,11,3,12,2,11,2,12,2,,,,,,,,,,
369,10,2,8,9,9,9,9,9,9,9,2,2,,,,,,,,,,
203,12,3,4,3,6,6,6,5,3,3,2,2,,,,,,,,,,
552,12,3,15,4,4,2,3,4,4,14,4,2,,,,,,,,,,
47,13,2,15,14,14,15,15,15,15,15,2,2,,,,,,,,,,
959,13,3,2,4,7,3,5,3,3,3,3,2,,,,,,,,,,
1020,13,2,14,14,14,14,3,14,14,15,15,2,,,,,,,,,,
989,16,11,11,3,4,3,11,10,2,3,12,2,,,,,,,,,,
1048,30,3,3,4,3,4,4,4,2,4,2,2,,,,,,,,,,
37,1,10,9,11,10,3,4,10,9,9,8,3,,,,,,,,,,
63,1,4,4,5,5,5,5,5,3,4,5,3,,,,,,,,,,
85,1,11,12,12,12,12,12,12,3,12,11,3,,,,,,,,,,
129,1,4,3,15,15,15,15,15,15,15,15,3,,,,,,,,,,
168,1,3,13,14,14,3,3,13,13,13,3,3,,,,,,,,,,
196,1,5,4,5,4,3,5,5,5,3,4,3,,,,,,,,,,
256,1,4,3,4,8,4,3,5,8,4,5,3,,,,,,,,,,
320,1,5,4,3,4,4,3,6,4,4,5,3,,,,,,,,,,
447,1,3,3,3,3,4,4,4,4,7,4,3,,,,,,,,,,
642,1,5,6,6,3,5,5,4,4,6,6,3,,,,,,,,,,
651,1,3,4,4,4,5,4,4,4,5,5,3,,,,,,,,,,
669,1,4,3,4,3,5,4,8,4,3,3,3,,,,,,,,,,
741,1,3,3,3,3,3,3,3,3,3,3,3,,,,,,,,,,
848,1,4,4,3,4,4,5,5,5,5,4,3,,,,,,,,,,
857,1,12,4,5,4,5,4,3,4,4,3,3,,,,,,,,,,
885,1,5,3,5,4,5,3,3,5,6,6,3,,,,,,,,,,
974,1,4,5,4,3,5,4,4,5,3,3,3,,,,,,,,,,
134,2,3,4,4,4,4,4,5,4,4,4,3,,,,,,,,,,
136,2,5,3,6,4,6,6,6,6,5,6,3,,,,,,,,,,
158,2,4,4,3,5,5,5,5,5,5,4,3,,,,,,,,,,
257,2,7,7,4,4,6,7,3,4,8,8,3,,,,,,,,,,
301,2,5,4,4,5,5,6,5,3,6,6,3,,,,,,,,,,
310,2,5,4,5,4,5,5,4,4,3,6,3,,,,,,,,,,
364,2,4,5,3,4,5,6,4,6,5,5,3,,,,,,,,,,
379,2,5,5,5,4,5,3,6,6,5,6,3,,,,,,,,,,
433,2,3,4,4,4,4,5,5,3,4,5,3,,,,,,,,,,
468,2,10,4,9,9,9,10,5,3,5,4,3,,,,,,,,,,
554,2,5,6,4,8,4,8,4,3,8,5,3,,,,,,,,,,
569,2,4,4,4,5,4,4,3,5,5,3,3,,,,,,,,,,
627,2,4,5,4,3,6,6,6,4,4,4,3,,,,,,,,,,
668,2,5,4,4,7,3,4,5,6,6,5,3,,,,,,,,,,
674,2,17,17,17,3,5,5,5,16,16,4,3,,,,,,,,,,
834,2,3,3,3,3,3,3,3,3,3,3,3,,,,,,,,,,
991,2,3,3,8,3,3,4,4,4,4,4,3,,,,,,,,,,
1040,2,4,5,4,3,5,4,5,4,6,5,3,,,,,,,,,,
144,3,10,3,11,11,10,11,11,11,11,4,3,,,,,,,,,,
148,3,3,11,3,4,3,11,12,3,10,3,3,,,,,,,,,,
214,3,4,3,4,4,4,3,4,4,4,4,3,,,,,,,,,,
250,3,3,4,4,4,4,5,5,4,4,5,3,,,,,,,,,,
305,3,3,4,3,3,13,4,4,13,3,4,3,,,,,,,,,,
346,3,4,5,5,6,6,3,4,4,7,8,3,,,,,,,,,,
480,3,3,3,4,5,3,4,4,5,5,4,3,,,,,,,,,,
571,3,3,4,4,4,5,4,5,4,5,5,3,,,,,,,,,,
573,3,4,3,5,10,9,4,10,4,4,4,3,,,,,,,,,,
595,3,4,3,3,4,4,4,3,3,4,4,3,,,,,,,,,,
598,3,3,4,4,5,4,4,4,4,3,4,3,,,,,,,,,,
723,3,4,3,5,4,6,5,5,4,5,5,3,,,,,,,,,,
761,3,4,4,4,3,7,7,4,7,5,6,3,,,,,,,,,,
792,3,4,5,5,5,5,4,3,5,5,4,3,,,,,,,,,,
819,3,4,5,3,5,4,3,4,4,4,4,3,,,,,,,,,,
824,3,4,7,3,6,7,5,5,8,8,4,3,,,,,,,,,,
836,3,10,3,4,5,5,4,3,5,4,9,3,,,,,,,,,,
879,3,3,4,4,4,4,4,4,4,3,4,3,,,,,,,,,,
954,3,3,4,5,6,4,5,4,5,3,4,3,,,,,,,,,,
967,3,4,4,4,5,3,4,4,4,4,4,3,,,,,,,,,,
1023,3,4,5,3,4,4,5,4,5,4,4,3,,,,,,,,,,
59,4,3,3,3,3,3,3,3,4,4,3,3,,,,,,,,,,
259,4,4,4,5,5,5,5,5,3,5,5,3,,,,,,,,,,
260,4,3,3,3,3,3,4,3,4,3,3,3,,,,,,,,,,
275,4,4,3,7,7,6,6,3,4,4,4,3,,,,,,,,,,
401,4,6,5,7,7,6,6,8,5,7,3,3,,,,,,,,,,
484,4,4,5,8,9,5,6,3,4,4,5,3,,,,,,,,,,
515,4,3,4,4,3,3,4,5,3,4,4,3,,,,,,,,,,
719,4,5,4,5,4,4,6,4,3,4,3,3,,,,,,,,,,
994,5,4,3,5,4,5,5,4,4,7,4,3,,,,,,,,,,
1025,5,5,5,5,6,3,6,5,4,4,4,3,,,,,,,,,,
40,6,5,5,3,3,4,4,4,4,4,4,3,,,,,,,,,,
48,6,3,3,4,4,3,3,7,3,3,3,3,,,,,,,,,,
228,6,9,4,8,9,9,4,3,9,5,8,3,,,,,,,,,,
477,6,6,7,6,7,7,3,7,7,7,6,3,,,,,,,,,,
493,6,7,4,6,7,6,8,5,6,3,7,3,,,,,,,,,,
1042,6,3,3,4,4,6,6,6,3,4,3,3,,,,,,,,,,
338,7,3,4,4,4,4,4,4,3,4,4,3,,,,,,,,,,
866,7,5,6,5,7,4,4,7,5,5,3,3,,,,,,,,,,
419,9,3,5,3,5,3,5,3,3,5,5,3,,,,,,,,,,
758,9,3,4,3,3,4,3,3,3,3,4,3,,,,,,,,,,
661,10,3,5,10,12,10,11,3,4,11,11,3,,,,,,,,,,
968,10,4,4,4,3,5,5,4,4,5,4,3,,,,,,,,,,
957,13,7,6,6,5,4,3,7,6,6,6,3,,,,,,,,,,
782,15,8,3,8,3,9,7,8,8,4,4,3,,,,,,,,,,
645,18,5,5,7,4,7,6,5,6,4,3,3,,,,,,,,,,
64,1,5,6,5,4,6,5,4,5,4,5,4,,,,,,,,,,
264,1,5,4,6,5,6,5,6,5,6,6,4,,,,,,,,,,
330,1,5,5,5,5,5,8,5,8,4,5,4,,,,,,,,,,
608,1,5,6,6,7,4,4,5,6,5,7,4,,,,,,,,,,
711,1,4,6,4,6,6,7,6,5,6,4,4,,,,,,,,,,
735,1,4,4,4,4,4,4,4,4,4,4,4,,,,,,,,,,
764,1,4,5,5,5,5,5,6,6,4,5,4,,,,,,,,,,
907,1,5,4,5,5,4,5,4,4,6,4,4,,,,,,,,,,
36,2,5,6,4,5,6,7,5,6,4,6,4,,,,,,,,,,
122,2,8,8,4,8,7,6,6,6,8,5,4,,,,,,,,,,
156,2,6,5,6,5,5,6,4,5,5,5,4,,,,,,,,,,
161,2,4,4,4,4,4,4,4,4,4,4,4,,,,,,,,,,
602,2,9,9,4,8,5,8,9,8,8,9,4,,,,,,,,,,
767,2,4,4,4,5,5,5,5,5,4,5,4,,,,,,,,,,
874,2,6,6,5,5,5,5,4,4,6,6,4,,,,,,,,,,
877,2,9,8,5,9,9,5,4,4,8,4,4,,,,,,,,,,
70,3,6,6,5,4,6,5,5,6,6,5,4,,,,,,,,,,
319,3,6,5,4,13,5,5,12,6,5,4,4,,,,,,,,,,
450,3,5,6,4,5,5,6,7,6,5,6,4,,,,,,,,,,
490,3,5,5,5,6,6,5,12,12,4,6,4,,,,,,,,,,
503,3,6,5,9,8,6,5,5,5,6,4,4,,,,,,,,,,
538,3,8,8,9,5,6,9,4,9,6,5,4,,,,,,,,,,
544,3,5,6,4,5,6,5,5,4,7,6,4,,,,,,,,,,
702,3,4,6,4,5,5,7,4,5,8,7,4,,,,,,,,,,
729,3,11,4,4,4,4,4,5,4,5,11,4,,,,,,,,,,
730,3,6,5,7,6,6,7,5,4,5,4,4,,,,,,,,,,
738,3,5,4,8,7,5,4,5,5,6,8,4,,,,,,,,,,
759,3,6,7,5,5,6,6,4,5,6,7,4,,,,,,,,,,
870,3,5,5,4,4,6,6,6,6,5,5,4,,,,,,,,,,
917,3,5,4,5,4,5,4,6,6,5,5,4,,,,,,,,,,
930,3,6,5,4,6,7,7,6,5,4,6,4,,,,,,,,,,
958,3,14,14,13,4,13,5,5,4,13,4,4,,,,,,,,,,
969,3,5,5,5,5,5,5,5,4,6,5,4,,,,,,,,,,
1028,3,6,6,7,7,7,4,5,5,7,4,4,,,,,,,,,,
169,4,4,5,5,5,5,5,5,5,5,5,4,,,,,,,,,,
174,4,4,6,7,5,7,7,5,7,7,5,4,,,,,,,,,,
218,4,4,5,5,5,5,9,5,9,5,5,4,,,,,,,,,,
288,4,12,11,6,5,12,13,11,11,4,13,4,,,,,,,,,,
293,4,4,4,4,4,4,4,4,5,4,5,4,,,,,,,,,,
409,4,4,4,5,5,5,5,4,5,4,6,4,,,,,,,,,,
622,4,4,4,4,4,5,4,5,4,5,5,4,,,,,,,,,,
692,4,6,5,8,4,7,7,5,7,5,8,4,,,,,,,,,,
838,4,4,5,4,5,5,4,5,4,6,5,4,,,,,,,,,,
853,4,5,5,7,7,7,6,6,6,4,6,4,,,,,,,,,,
964,4,4,5,13,5,5,13,5,5,5,5,4,,,,,,,,,,
1035,4,5,5,5,4,6,6,6,6,6,6,4,,,,,,,,,,
1045,4,4,5,5,6,5,6,5,5,5,5,4,,,,,,,,,,
418,5,5,5,4,5,6,6,6,5,6,5,4,,,,,,,,,,
13,6,5,4,14,5,13,5,4,13,4,14,4,,,,,,,,,,
858,6,9,4,9,9,9,9,9,9,8,9,4,,,,,,,,,,
84,7,4,4,4,5,5,5,5,5,5,5,4,,,,,,,,,,
852,7,7,4,8,5,5,6,5,6,8,5,4,,,,,,,,,,
904,7,5,6,6,5,4,6,6,6,5,6,4,,,,,,,,,,
931,9,5,5,6,5,4,6,6,5,7,6,4,,,,,,,,,,
682,15,5,4,17,17,17,17,16,16,5,5,4,,,,,,,,,,
271,19,4,6,4,6,7,4,4,5,7,4,4,,,,,,,,,,
35,1,5,6,6,6,7,7,5,7,7,6,5,,,,,,,,,,
177,1,7,7,6,9,6,6,9,8,6,5,5,,,,,,,,,,
206,1,6,7,5,5,7,7,7,7,7,7,5,,,,,,,,,,
213,1,7,7,6,7,7,7,5,6,7,7,5,,,,,,,,,,
459,1,10,7,5,7,8,6,6,7,8,10,5,,,,,,,,,,
779,1,6,5,6,17,17,17,17,16,17,6,5,,,,,,,,,,
880,1,5,31,6,6,6,30,6,32,31,7,5,,,,,,,,,,
881,1,7,8,6,6,5,5,6,5,8,7,5,,,,,,,,,,
56,2,6,6,7,6,5,5,7,5,6,6,5,,,,,,,,,,
241,2,6,5,5,7,7,7,7,5,7,6,5,,,,,,,,,,
280,2,7,6,6,6,7,6,7,7,5,5,5,,,,,,,,,,
291,2,5,5,5,5,5,5,5,5,5,5,5,,,,,,,,,,
292,2,14,12,5,7,6,6,14,7,14,13,5,,,,,,,,,,
375,2,6,7,5,6,7,7,7,6,7,5,5,,,,,,,,,,
380,2,7,6,6,6,5,8,8,5,5,7,5,,,,,,,,,,
415,2,6,6,5,6,7,6,6,6,7,5,5,,,,,,,,,,
427,2,5,11,11,6,12,10,6,12,6,12,5,,,,,,,,,,
483,2,5,6,6,6,6,6,6,6,6,6,5,,,,,,,,,,
709,2,7,6,6,7,5,6,6,7,7,6,5,,,,,,,,,,
845,2,6,8,5,5,7,7,8,5,8,6,5,,,,,,,,,,
905,2,6,6,6,7,7,5,6,6,7,6,5,,,,,,,,,,
908,2,6,6,6,6,5,6,6,5,5,5,5,,,,,,,,,,
66,3,8,6,8,6,7,6,8,8,7,5,5,,,,,,,,,,
212,3,6,7,7,5,7,6,6,7,8,7,5,,,,,,,,,,
326,3,5,6,6,7,6,7,7,6,6,6,5,,,,,,,,,,
370,3,7,6,6,5,6,8,5,7,5,7,5,,,,,,,,,,
443,3,6,7,7,6,7,6,7,5,7,6,5,,,,,,,,,,
507,3,7,6,7,6,7,7,7,7,6,5,5,,,,,,,,,,
532,3,6,6,7,7,7,7,5,5,5,8,5,,,,,,,,,,
747,3,5,6,6,5,6,6,6,6,5,6,5,,,,,,,,,,
750,3,5,5,6,6,6,6,7,6,6,5,5,,,,,,,,,,
17,4,7,6,6,8,5,7,7,8,6,8,5,,,,,,,,,,
74,4,7,7,7,6,5,6,6,6,6,6,5,,,,,,,,,,
182,4,26,26,26,27,25,6,26,26,27,5,5,,,,,,,,,,
281,4,6,8,7,9,6,8,7,6,8,5,5,,,,,,,,,,
283,4,5,8,7,7,6,6,7,6,8,6,5,,,,,,,,,,
116,5,6,7,6,7,7,8,7,5,8,8,5,,,,,,,,,,
119,5,5,5,6,6,6,6,6,6,6,7,5,,,,,,,,,,
404,5,9,9,10,6,6,10,5,7,8,5,5,,,,,,,,,,
482,5,5,5,6,6,6,6,6,7,6,6,5,,,,,,,,,,
701,5,7,8,8,5,5,5,6,7,8,8,5,,,,,,,,,,
714,5,5,6,6,23,5,24,5,6,6,24,5,,,,,,,,,,
856,5,5,5,10,5,5,10,10,5,5,5,5,,,,,,,,,,
873,5,5,6,6,5,6,6,6,6,6,5,5,,,,,,,,,,
897,5,6,6,5,7,7,6,6,7,7,6,5,,,,,,,,,,
943,5,6,8,9,5,6,6,6,6,9,9,5,,,,,,,,,,
1022,5,5,11,6,12,12,7,6,6,13,12,5,,,,,,,,,,
976,6,6,5,7,6,6,7,5,7,6,7,5,,,,,,,,,,
139,7,9,7,10,8,8,9,9,5,6,6,5,,,,,,,,,,
255,7,7,8,8,7,8,8,7,5,8,8,5,,,,,,,,,,
458,7,5,5,5,5,6,5,5,6,5,5,5,,,,,,,,,,
588,7,8,5,6,9,10,5,10,9,7,6,5,,,,,,,,,,
616,7,6,5,6,5,6,5,6,5,6,5,5,,,,,,,,,,
966,7,7,6,7,6,7,6,6,6,5,5,5,,,,,,,,,,
970,8,6,6,7,7,5,6,6,7,6,6,5,,,,,,,,,,
197,12,5,5,5,5,5,5,5,5,5,5,5,,,,,,,,,,
804,15,6,6,5,5,6,6,5,6,6,5,5,,,,,,,,,,
791,17,6,5,6,7,6,6,5,6,5,7,5,,,,,,,,,,
52,1,8,7,7,6,8,8,7,8,7,7,6,,,,,,,,,,
478,1,6,6,6,6,6,6,6,6,6,6,6,,,,,,,,,,
520,1,8,8,8,6,8,6,7,8,8,8,6,,,,,,,,,,
611,1,7,7,8,6,7,8,7,7,7,8,6,,,,,,,,,,
653,1,9,7,6,7,8,9,7,9,7,7,6,,,,,,,,,,
671,1,7,6,8,7,7,8,7,7,8,7,6,,,,,,,,,,
762,1,6,6,6,7,7,7,6,6,6,6,6,,,,,,,,,,
774,1,6,7,7,7,16,16,16,16,7,7,6,,,,,,,,,,
1053,1,6,7,7,7,7,8,7,8,8,9,6,,,,,,,,,,
510,2,7,7,6,6,7,8,6,7,7,7,6,,,,,,,,,,
632,2,7,6,8,8,7,8,8,7,8,7,6,,,,,,,,,,
690,2,7,8,8,8,6,8,7,7,7,9,6,,,,,,,,,,
693,2,7,8,8,8,8,8,6,8,9,9,6,,,,,,,,,,
753,2,8,7,7,6,7,7,6,6,8,7,6,,,,,,,,,,
801,2,6,7,7,6,7,6,6,7,6,6,6,,,,,,,,,,
68,3,7,8,8,6,7,7,7,7,7,8,6,,,,,,,,,,
154,3,8,7,7,6,7,6,8,7,7,7,6,,,,,,,,,,
167,3,6,7,8,8,8,7,7,8,7,7,6,,,,,,,,,,
217,3,7,7,6,8,6,8,7,7,8,6,6,,,,,,,,,,
248,3,6,7,7,7,7,6,7,7,9,9,6,,,,,,,,,,
261,3,10,9,9,8,11,7,10,10,6,6,6,,,,,,,,,,
361,3,7,15,15,6,8,8,8,14,15,7,6,,,,,,,,,,
406,3,7,9,9,6,7,10,9,8,10,7,6,,,,,,,,,,
517,3,6,6,6,6,6,6,6,7,6,7,6,,,,,,,,,,
626,3,6,15,15,6,15,6,7,6,15,7,6,,,,,,,,,,
802,3,7,7,7,6,7,7,7,7,7,7,6,,,,,,,,,,
817,3,6,6,6,6,7,6,7,6,7,7,6,,,,,,,,,,
894,3,6,7,6,7,8,7,7,8,6,7,6,,,,,,,,,,
938,3,7,8,7,8,6,7,6,7,7,8,6,,,,,,,,,,
654,4,15,8,6,8,8,7,7,7,7,14,6,,,,,,,,,,
724,4,6,8,6,6,8,7,7,7,8,7,6,,,,,,,,,,
704,5,6,11,7,11,12,7,7,12,7,7,6,,,,,,,,,,
708,5,7,8,7,8,6,7,6,7,8,9,6,,,,,,,,,,
718,5,7,7,7,6,9,9,7,8,8,8,6,,,,,,,,,,
798,5,7,7,6,7,6,7,6,7,6,6,6,,,,,,,,,,
851,5,7,7,7,7,7,6,7,7,6,7,6,,,,,,,,,,
981,5,14,14,14,14,7,7,6,6,7,14,6,,,,,,,,,,
4,6,8,8,7,7,7,8,6,8,7,7,6,,,,,,,,,,
8,6,7,6,6,6,6,6,6,6,6,6,6,,,,,,,,,,
121,6,6,7,8,8,6,7,7,8,7,6,6,,,,,,,,,,
130,6,8,6,10,10,7,7,9,10,9,9,6,,,,,,,,,,
452,6,6,6,6,7,6,7,7,6,7,7,6,,,,,,,,,,
768,6,6,8,7,7,9,7,6,7,7,7,6,,,,,,,,,,
955,6,7,8,7,8,8,9,6,8,8,9,6,,,,,,,,,,
594,7,10,6,7,10,10,10,10,10,10,10,6,,,,,,,,,,
655,7,6,7,9,8,6,7,7,6,7,9,6,,,,,,,,,,
745,7,9,7,6,7,8,8,9,9,9,8,6,,,,,,,,,,
760,7,8,7,7,6,7,8,7,8,8,7,6,,,,,,,,,,
582,8,7,6,8,6,7,8,8,7,8,7,6,,,,,,,,,,
621,8,6,7,9,8,6,6,8,9,7,9,6,,,,,,,,,,
890,9,15,14,15,14,7,8,6,7,8,7,6,,,,,,,,,,
114,17,6,7,7,7,7,7,7,7,6,7,6,,,,,,,,,,
425,26,18,18,19,18,18,19,19,6,18,19,6,,,,,,,,,,
422,30,6,6,7,7,6,6,7,10,6,7,6,,,,,,,,,,
106,31,6,7,7,7,7,7,7,7,7,7,6,,,,,,,,,,
227,1,8,8,9,9,7,7,8,8,8,8,7,,,,,,,,,,
343,1,8,9,9,9,9,10,9,10,7,8,7,,,,,,,,,,
457,1,8,9,7,8,7,8,7,8,9,9,7,,,,,,,,,,
476,1,8,9,9,9,9,9,8,7,10,10,7,,,,,,,,,,
755,1,12,7,13,13,13,13,13,8,13,13,7,,,,,,,,,,
946,1,8,8,8,8,9,9,7,7,8,9,7,,,,,,,,,,
1050,1,8,8,8,8,7,8,7,8,7,9,7,,,,,,,,,,
92,2,8,8,8,8,7,8,7,8,8,8,7,,,,,,,,,,
238,2,8,8,8,8,9,8,9,8,9,7,7,,,,,,,,,,
341,2,9,10,7,11,11,10,10,8,10,10,7,,,,,,,,,,
420,2,8,9,7,7,9,7,8,7,8,9,7,,,,,,,,,,
465,2,8,9,8,8,9,8,9,7,8,9,7,,,,,,,,,,
472,2,7,8,8,7,8,7,8,7,8,7,7,,,,,,,,,,
496,2,9,8,12,7,12,12,8,12,10,9,7,,,,,,,,,,
561,2,11,7,10,8,9,9,9,8,7,11,7,,,,,,,,,,
982,2,8,9,7,8,8,9,7,9,8,10,7,,,,,,,,,,
67,3,9,9,8,8,8,8,7,9,7,9,7,,,,,,,,,,
107,3,7,9,9,9,7,8,7,9,8,10,7,,,,,,,,,,
421,3,15,13,8,8,13,14,9,13,9,7,7,,,,,,,,,,
639,3,8,8,8,7,7,7,7,7,9,8,7,,,,,,,,,,
698,3,7,8,7,8,8,12,8,9,8,8,7,,,,,,,,,,
29,4,7,16,8,17,8,8,8,17,8,17,7,,,,,,,,,,
76,4,7,7,8,8,8,8,9,9,8,8,7,,,,,,,,,,
298,4,9,9,12,10,9,7,7,12,12,12,7,,,,,,,,,,
697,4,8,8,8,7,10,10,9,9,7,11,7,,,,,,,,,,
771,4,7,9,7,8,8,8,9,8,7,7,7,,,,,,,,,,
251,5,8,8,8,8,8,7,7,8,7,9,7,,,,,,,,,,
296,5,8,7,10,10,9,9,10,10,8,8,7,,,,,,,,,,
436,5,8,8,9,9,7,8,8,8,9,7,7,,,,,,,,,,
659,5,7,7,7,8,7,7,8,7,7,8,7,,,,,,,,,,
868,5,7,8,8,8,7,8,8,9,8,9,7,,,,,,,,,,
919,5,10,7,9,10,12,10,7,10,10,11,7,,,,,,,,,,
936,5,7,7,7,7,7,7,7,7,8,8,7,,,,,,,,,,
124,6,10,11,8,7,10,9,9,8,11,10,7,,,,,,,,,,
263,6,7,8,7,8,7,7,7,7,8,8,7,,,,,,,,,,
733,6,7,7,7,7,7,7,8,8,7,7,7,,,,,,,,,,
143,7,7,8,8,9,8,9,9,8,9,9,7,,,,,,,,,,
318,7,10,10,8,8,7,7,9,8,10,11,7,,,,,,,,,,
340,7,17,18,8,8,7,17,18,17,17,8,7,,,,,,,,,,
560,7,14,16,7,9,15,15,8,8,15,15,7,,,,,,,,,,
783,7,17,8,8,8,8,8,8,8,8,7,7,,,,,,,,,,
808,7,7,9,8,8,8,9,8,8,8,10,7,,,,,,,,,,
903,7,7,8,8,8,9,9,7,8,8,8,7,,,,,,,,,,
934,7,7,7,7,12,8,12,8,8,8,13,7,,,,,,,,,,
1056,7,7,10,8,7,10,11,10,10,8,8,7,,,,,,,,,,
397,8,7,7,7,7,7,8,8,7,8,8,7,,,,,,,,,,
12,9,8,10,9,8,7,9,8,11,10,8,7,,,,,,,,,,
140,9,7,7,8,8,8,8,8,8,8,8,7,,,,,,,,,,
451,9,7,7,12,12,11,11,11,11,9,9,7,,,,,,,,,,
54,10,7,7,7,8,8,8,8,8,8,8,7,,,,,,,,,,
926,11,7,10,11,11,11,10,8,8,8,8,7,,,,,,,,,,
299,12,7,8,7,8,7,7,7,7,7,7,7,,,,,,,,,,
384,12,8,8,7,7,9,9,9,7,8,8,7,,,,,,,,,,
1014,12,11,11,11,11,7,7,11,8,11,11,7,,,,,,,,,,
232,13,9,8,9,8,7,8,9,8,9,9,7,,,,,,,,,,
219,15,8,7,9,8,8,7,9,7,9,8,7,,,,,,,,,,
525,15,7,8,7,7,9,9,8,8,7,8,7,,,,,,,,,,
604,15,8,7,9,9,8,8,9,9,8,8,7,,,,,,,,,,
570,20,7,7,7,7,7,7,7,7,7,7,7,,,,,,,,,,
523,1,8,8,9,8,8,8,8,9,9,9,8,,,,,,,,,,
596,1,13,14,14,13,8,13,14,14,13,14,8,,,,,,,,,,
601,1,17,18,17,9,8,8,8,16,17,17,8,,,,,,,,,,
892,1,8,9,9,10,10,9,8,9,9,9,8,,,,,,,,,,
31,2,9,8,9,8,9,9,9,9,9,9,8,,,,,,,,,,
53,2,8,8,9,8,8,8,8,8,8,8,8,,,,,,,,,,
211,2,9,12,8,11,13,10,13,8,11,10,8,,,,,,,,,,
357,2,9,8,10,10,10,10,10,10,10,10,8,,,,,,,,,,
374,2,9,9,9,10,8,8,8,9,9,9,8,,,,,,,,,,
471,2,9,9,9,9,8,8,9,9,9,9,8,,,,,,,,,,
743,2,8,9,9,8,12,10,13,13,9,13,8,,,,,,,,,,
886,2,9,8,9,8,9,10,10,8,8,9,8,,,,,,,,,,
6,3,9,8,9,9,10,10,8,10,8,9,8,,,,,,,,,,
453,3,10,8,9,9,8,9,8,8,10,10,8,,,,,,,,,,
549,3,9,9,10,9,9,8,10,9,10,9,8,,,,,,,,,,
864,3,8,11,9,9,9,11,12,11,9,11,8,,,,,,,,,,
166,4,8,10,9,9,10,9,9,8,10,11,8,,,,,,,,,,
766,4,8,8,8,8,8,8,8,8,8,8,8,,,,,,,,,,
781,5,8,8,8,8,8,8,8,8,9,9,8,,,,,,,,,,
812,5,8,10,12,12,10,9,12,12,11,9,8,,,,,,,,,,
75,6,9,10,8,9,9,9,10,10,10,10,8,,,,,,,,,,
142,6,9,9,9,9,8,10,9,8,8,8,8,,,,,,,,,,
265,6,9,8,9,9,9,8,8,8,9,10,8,,,,,,,,,,
1039,6,9,9,8,9,9,10,8,9,12,10,8,,,,,,,,,,
226,7,10,9,10,9,11,10,9,8,10,9,8,,,,,,,,,,
430,7,8,8,9,10,9,9,11,10,10,10,8,,,,,,,,,,
224,8,8,8,8,8,8,8,8,8,8,9,8,,,,,,,,,,
268,8,9,9,8,10,8,10,10,10,10,9,8,,,,,,,,,,
448,8,9,8,10,9,9,9,10,10,9,9,8,,,,,,,,,,
455,8,9,8,10,10,10,9,10,10,9,10,8,,,,,,,,,,
509,9,8,10,8,9,8,9,10,11,9,10,8,,,,,,,,,,
603,10,8,9,9,8,10,9,8,9,9,8,8,,,,,,,,,,
900,10,10,9,9,10,9,10,8,8,10,9,8,,,,,,,,,,
441,12,11,9,12,8,9,9,12,12,9,12,8,,,,,,,,,,
108,15,19,9,8,9,9,9,9,9,9,18,8,,,,,,,,,,
308,18,9,9,9,9,9,9,10,9,8,9,8,,,,,,,,,,
43,1,11,10,11,10,11,10,9,10,11,11,9,,,,,,,,,,
272,1,9,9,9,9,10,10,10,10,9,9,9,,,,,,,,,,
428,1,9,9,10,12,10,12,9,9,9,11,9,,,,,,,,,,
442,1,9,10,10,9,10,9,10,10,10,10,9,,,,,,,,,,
677,1,11,10,12,10,12,11,9,12,10,11,9,,,,,,,,,,
99,2,15,16,10,10,10,10,9,11,15,15,9,,,,,,,,,,
198,2,10,9,10,9,10,9,11,10,10,10,9,,,,,,,,,,
644,2,10,10,9,11,10,9,11,10,9,11,9,,,,,,,,,,
687,2,10,10,10,10,10,11,11,10,9,9,9,,,,,,,,,,
785,2,9,10,10,10,10,10,10,10,10,11,9,,,,,,,,,,
360,3,9,9,10,10,10,10,9,9,10,10,9,,,,,,,,,,
780,3,10,13,9,13,11,11,14,12,10,14,9,,,,,,,,,,
839,3,9,10,10,10,10,10,11,10,10,10,9,,,,,,,,,,
1005,3,9,10,10,10,9,10,9,9,10,9,9,,,,,,,,,,
138,4,11,10,12,11,9,12,12,11,11,13,9,,,,,,,,,,
184,4,10,10,10,10,11,10,10,9,11,11,9,,,,,,,,,,
201,4,9,9,10,9,10,10,10,9,9,10,9,,,,,,,,,,
371,4,16,16,16,16,9,9,9,10,9,10,9,,,,,,,,,,
539,4,10,9,10,9,10,10,9,9,11,9,9,,,,,,,,,,
183,5,10,9,10,10,10,9,9,10,9,10,9,,,,,,,,,,
592,5,9,9,10,9,10,10,9,9,9,9,9,,,,,,,,,,
322,6,10,10,11,11,9,10,9,9,10,10,9,,,,,,,,,,
23,7,10,9,10,10,10,9,10,10,10,9,9,,,,,,,,,,
556,7,11,10,13,12,12,11,10,9,12,11,9,,,,,,,,,,
648,7,9,12,11,12,11,12,12,13,12,9,9,,,,,,,,,,
846,7,11,12,10,12,9,10,11,12,12,12,9,,,,,,,,,,
311,8,9,9,10,10,18,10,18,10,10,11,9,,,,,,,,,,
875,8,9,10,9,9,9,10,10,10,10,9,9,,,,,,,,,,
417,9,9,9,9,9,9,9,9,9,9,9,9,,,,,,,,,,
289,11,10,11,9,11,10,10,12,11,10,11,9,,,,,,,,,,
188,14,10,10,10,11,10,10,10,11,10,9,9,,,,,,,,,,
734,32,10,9,10,9,9,9,9,10,9,10,9,,,,,,,,,,
27,1,10,12,11,11,13,12,12,11,12,11,10,,,,,,,,,,
721,1,11,11,10,11,12,11,12,12,12,12,10,,,,,,,,,,
193,2,12,12,11,12,11,11,10,12,11,13,10,,,,,,,,,,
284,2,11,12,12,13,12,13,11,11,12,10,10,,,,,,,,,,
405,2,10,11,11,12,10,11,11,12,11,12,10,,,,,,,,,,
695,2,13,14,12,13,14,12,10,13,15,13,10,,,,,,,,,,
869,2,11,11,11,12,12,12,12,11,12,10,10,,,,,,,,,,
920,2,11,11,12,12,12,12,10,11,11,11,10,,,,,,,,,,
22,3,11,11,13,10,13,12,11,10,14,11,10,,,,,,,,,,
135,3,12,11,11,10,11,11,11,10,12,10,10,,,,,,,,,,
186,3,11,11,11,11,11,11,11,11,10,10,10,,,,,,,,,,
500,3,11,11,10,10,13,13,11,11,13,13,10,,,,,,,,,,
566,3,11,11,10,11,10,11,11,11,10,11,10,,,,,,,,,,
589,3,11,13,13,13,13,13,13,13,13,10,10,,,,,,,,,,
620,3,10,11,10,11,11,11,11,10,11,12,10,,,,,,,,,,
590,4,10,10,10,10,10,10,10,11,11,10,10,,,,,,,,,,
691,4,11,10,12,11,12,11,12,11,10,11,10,,,,,,,,,,
229,5,10,10,11,11,11,10,11,10,11,11,10,,,,,,,,,,
253,5,11,10,11,11,10,10,11,10,11,10,10,,,,,,,,,,
394,5,11,11,11,11,11,11,11,10,11,10,10,,,,,,,,,,
429,6,12,10,13,11,12,13,10,13,12,12,10,,,,,,,,,,
927,6,11,11,11,12,11,10,12,10,12,12,10,,,,,,,,,,
270,7,10,11,10,11,11,11,12,11,12,11,10,,,,,,,,,,
790,7,11,10,11,10,10,11,10,11,12,11,10,,,,,,,,,,
49,8,11,10,11,12,10,11,12,12,11,12,10,,,,,,,,,,
222,8,11,11,11,10,12,10,12,12,11,12,10,,,,,,,,,,
606,8,11,12,12,13,12,10,10,12,11,13,10,,,,,,,,,,
71,9,14,11,12,14,15,11,12,13,15,10,10,,,,,,,,,,
391,9,16,12,12,12,10,11,11,12,12,15,10,,,,,,,,,,
784,9,12,12,11,11,11,13,12,11,11,10,10,,,,,,,,,,
102,10,11,12,11,11,12,12,11,12,12,10,10,,,,,,,,,,
104,10,11,12,11,11,10,10,12,12,12,11,10,,,,,,,,,,
109,10,10,11,11,11,11,12,11,12,12,10,10,,,,,,,,,,
237,10,11,10,12,12,12,12,12,12,15,12,10,,,,,,,,,,
424,10,10,11,11,11,11,12,11,11,11,11,10,,,,,,,,,,
555,10,12,11,11,10,12,12,11,11,11,11,10,,,,,,,,,,
195,11,12,12,22,22,22,11,21,10,22,11,10,,,,,,,,,,
372,11,10,11,10,11,11,12,11,11,11,12,10,,,,,,,,,,
840,11,12,13,12,11,12,11,13,11,10,12,10,,,,,,,,,,
984,11,11,14,14,14,13,13,10,12,12,14,10,,,,,,,,,,
431,12,10,11,11,12,11,10,11,12,11,12,10,,,,,,,,,,
996,12,19,20,19,20,19,10,20,11,21,21,10,,,,,,,,,,
794,15,10,10,16,10,11,11,10,10,11,10,10,,,,,,,,,,
5,1,14,15,15,11,14,11,15,14,13,12,11,,,,,,,,,,
69,1,12,12,13,12,12,11,13,12,12,12,11,,,,,,,,,,
348,1,12,11,13,12,13,12,13,11,13,12,11,,,,,,,,,,
444,1,12,11,12,13,11,13,13,13,12,13,11,,,,,,,,,,
565,1,11,11,12,12,12,11,11,12,11,11,11,,,,,,,,,,
641,1,11,11,11,11,11,11,12,12,11,11,11,,,,,,,,,,
686,1,12,11,12,12,11,12,11,11,11,12,11,,,,,,,,,,
921,1,11,12,12,12,13,12,12,12,12,12,11,,,,,,,,,,
961,1,11,12,21,12,12,12,21,21,12,12,11,,,,,,,,,,
194,2,12,12,11,11,12,12,11,11,12,12,11,,,,,,,,,,
282,2,13,12,12,13,12,12,12,13,11,12,11,,,,,,,,,,
676,2,11,12,12,12,13,12,12,12,12,12,11,,,,,,,,,,
847,2,11,12,11,12,12,12,13,12,13,12,11,,,,,,,,,,
332,3,11,13,15,12,12,12,12,14,15,12,11,,,,,,,,,,
600,3,11,12,12,12,13,13,13,12,12,12,11,,,,,,,,,,
663,3,17,18,12,11,12,11,12,11,17,17,11,,,,,,,,,,
899,3,12,13,12,12,12,12,12,11,11,12,11,,,,,,,,,,
89,4,12,12,11,12,12,11,11,11,11,12,11,,,,,,,,,,
191,4,11,11,11,11,11,11,11,11,11,11,11,,,,,,,,,,
381,4,11,11,11,11,11,11,11,11,11,11,11,,,,,,,,,,
803,5,11,11,11,12,11,12,11,12,11,11,11,,,,,,,,,,
822,5,11,12,12,13,13,12,12,13,13,12,11,,,,,,,,,,
1043,5,11,12,12,11,11,12,12,13,12,12,11,,,,,,,,,,
986,6,13,12,13,13,12,13,12,12,11,13,11,,,,,,,,,,
9,7,12,12,12,12,11,12,12,12,12,11,11,,,,,,,,,,
24,7,15,11,16,16,12,16,12,16,16,16,11,,,,,,,,,,
446,7,12,11,12,12,11,12,12,13,12,12,11,,,,,,,,,,
470,7,15,16,11,16,14,12,16,16,17,12,11,,,,,,,,,,
19,8,23,23,22,11,12,11,11,23,23,22,11,,,,,,,,,,
325,8,12,13,13,13,11,14,14,12,14,12,11,,,,,,,,,,
382,8,12,11,13,13,13,13,13,13,13,13,11,,,,,,,,,,
617,8,11,11,11,11,11,11,11,11,11,11,11,,,,,,,,,,
672,8,12,12,11,12,11,12,12,12,12,12,11,,,,,,,,,,
77,9,12,13,13,11,14,12,14,12,13,12,11,,,,,,,,,,
859,9,13,14,12,13,13,12,14,14,13,11,11,,,,,,,,,,
1007,9,12,12,12,12,12,11,12,11,12,12,11,,,,,,,,,,
14,10,13,11,14,14,12,12,14,14,14,14,11,,,,,,,,,,
117,10,14,12,14,13,11,15,13,14,13,14,11,,,,,,,,,,
365,11,11,12,11,12,12,12,12,12,12,12,11,,,,,,,,,,
962,11,11,11,11,11,11,11,11,11,11,11,11,,,,,,,,,,
390,12,20,20,20,11,11,11,11,19,19,19,11,,,,,,,,,,
581,14,23,23,11,11,23,11,11,11,11,23,11,,,,,,,,,,
584,15,15,11,14,11,11,15,15,16,11,11,11,,,,,,,,,,
2,19,11,12,11,11,12,12,12,12,12,12,11,,,,,,,,,,
837,30,28,28,27,12,28,12,29,11,29,29,11,,,,,,,,,,
10,3,13,15,13,14,14,14,14,12,13,14,12,,,,,,,,,,
933,3,13,14,14,13,12,13,15,14,13,12,12,,,,,,,,,,
944,3,13,12,14,13,12,12,12,14,13,12,12,,,,,,,,,,
100,5,13,14,13,14,13,14,12,13,13,13,12,,,,,,,,,,
151,5,17,17,12,18,18,18,18,18,13,18,12,,,,,,,,,,
199,5,15,14,14,13,14,13,13,12,14,13,12,,,,,,,,,,
614,5,12,12,12,12,12,12,12,13,12,13,12,,,,,,,,,,
629,5,13,15,12,12,16,16,12,13,16,13,12,,,,,,,,,,
666,5,13,13,12,13,13,14,13,14,13,14,12,,,,,,,,,,
963,5,13,13,13,13,13,13,13,12,13,12,12,,,,,,,,,,
728,7,12,12,13,13,12,12,13,13,12,12,12,,,,,,,,,,
830,7,13,12,13,14,14,13,12,14,13,13,12,,,,,,,,,,
937,7,13,16,14,15,12,15,13,15,16,13,12,,,,,,,,,,
50,8,12,12,13,13,12,12,13,13,13,13,12,,,,,,,,,,
79,8,13,12,14,13,14,13,13,13,12,12,12,,,,,,,,,,
389,8,12,12,12,13,12,13,13,13,13,13,12,,,,,,,,,,
411,8,13,13,13,13,13,13,12,13,13,13,12,,,,,,,,,,
373,9,13,13,15,14,12,13,14,14,14,13,12,,,,,,,,,,
998,9,13,13,13,13,13,13,14,13,13,12,12,,,,,,,,,,
951,10,12,12,12,12,12,12,12,12,13,13,12,,,,,,,,,,
660,11,13,14,13,13,12,15,14,15,14,15,12,,,,,,,,,,
274,12,13,12,13,13,14,13,14,13,13,13,12,,,,,,,,,,
462,12,14,14,12,14,15,15,14,15,15,13,12,,,,,,,,,,
593,12,12,12,13,13,15,13,14,13,13,13,12,,,,,,,,,,
688,14,14,13,13,12,13,12,14,13,13,14,12,,,,,,,,,,
497,15,12,12,13,14,13,12,13,14,12,13,12,,,,,,,,,,
178,19,12,24,12,12,12,24,24,24,24,12,12,,,,,,,,,,
587,1,14,13,15,15,14,14,15,14,14,13,13,,,,,,,,,,
485,2,15,15,14,14,15,15,14,14,15,13,13,,,,,,,,,,
1032,2,14,14,14,14,14,13,16,15,14,14,13,,,,,,,,,,
312,3,15,15,14,14,14,13,13,14,14,15,13,,,,,,,,,,
347,3,14,14,14,14,14,14,14,13,14,13,13,,,,,,,,,,
1037,4,15,14,15,14,14,16,13,15,14,16,13,,,,,,,,,,
557,5,15,14,14,15,13,16,14,14,16,15,13,,,,,,,,,,
534,6,14,14,13,14,14,14,14,14,14,15,13,,,,,,,,,,
895,7,14,13,15,15,14,14,16,15,15,15,13,,,,,,,,,,
327,8,14,14,13,13,13,14,14,13,14,14,13,,,,,,,,,,
744,9,15,14,15,15,14,13,15,14,14,14,13,,,,,,,,,,
586,10,14,14,14,14,13,13,13,13,13,13,13,,,,,,,,,,
42,11,13,14,13,14,14,15,14,13,14,14,13,,,,,,,,,,
65,12,14,14,14,14,15,15,13,13,14,14,13,,,,,,,,,,
120,12,14,14,13,15,15,15,15,15,15,15,13,,,,,,,,,,
633,12,13,14,14,14,13,15,14,15,14,13,13,,,,,,,,,,
127,13,14,16,16,17,13,14,15,15,13,13,13,,,,,,,,,,
558,14,15,15,14,15,15,14,13,14,15,13,13,,,,,,,,,,
205,15,14,14,14,13,13,13,14,14,14,14,13,,,,,,,,,,
1036,17,13,14,13,13,13,13,19,14,14,14,13,,,,,,,,,,
576,24,13,13,13,13,13,13,13,13,13,13,13,,,,,,,,,,
971,27,13,15,26,26,27,27,26,26,15,14,13,,,,,,,,,,
125,1,17,18,16,17,17,18,14,16,17,18,14,,,,,,,,,,
356,1,14,14,14,14,14,14,14,14,14,14,14,,,,,,,,,,
377,2,16,17,16,14,16,14,15,16,17,17,14,,,,,,,,,,
527,2,17,16,16,14,16,15,18,17,15,16,14,,,,,,,,,,
646,2,15,14,15,15,14,15,14,14,16,15,14,,,,,,,,,,
39,3,15,17,17,17,17,17,17,17,17,14,14,,,,,,,,,,
202,3,15,14,15,15,15,14,17,14,15,15,14,,,,,,,,,,
216,3,14,14,14,14,14,14,14,14,14,14,14,,,,,,,,,,
398,3,15,15,14,15,16,14,15,15,16,15,14,,,,,,,,,,
983,3,15,16,15,16,14,15,14,16,15,15,14,,,,,,,,,,
911,4,15,14,15,16,14,16,16,15,15,15,14,,,,,,,,,,
495,5,14,15,14,15,15,14,15,15,15,15,14,,,,,,,,,,
45,6,15,15,15,15,15,15,14,14,15,15,14,,,,,,,,,,
131,6,15,15,15,15,14,16,15,16,16,16,14,,,,,,,,,,
321,7,14,14,14,14,14,14,14,14,14,14,14,,,,,,,,,,
543,7,15,17,14,15,16,16,14,16,16,15,14,,,,,,,,,,
683,7,15,15,16,14,16,15,15,15,14,15,14,,,,,,,,,,
628,10,15,15,14,16,16,16,16,15,15,16,14,,,,,,,,,,
788,10,16,16,15,15,15,14,15,15,16,16,14,,,,,,,,,,
932,11,17,15,14,16,15,16,14,16,14,15,14,,,,,,,,,,
999,11,16,16,15,16,15,17,17,17,15,14,14,,,,,,,,,,
403,13,15,14,15,14,14,15,14,15,14,14,14,,,,,,,,,,
512,13,15,15,15,15,16,15,14,16,15,16,14,,,,,,,,,,
662,13,14,15,14,15,14,15,14,14,15,15,14,,,,,,,,,,
481,15,17,14,16,14,15,14,15,14,14,15,14,,,,,,,,,,
550,18,19,18,14,15,19,18,14,19,18,18,14,,,,,,,,,,
286,19,15,15,15,14,15,15,15,15,14,15,14,,,,,,,,,,
163,23,15,14,15,14,15,16,16,15,16,16,14,,,,,,,,,,
518,25,14,14,14,14,15,14,14,15,15,14,14,,,,,,,,,,
1015,28,14,17,15,15,15,14,15,15,18,15,14,,,,,,,,,,
545,42,15,14,15,14,15,15,15,15,15,14,14,,,,,,,,,,
821,1,15,15,15,16,15,15,16,16,15,15,15,,,,,,,,,,
95,2,15,19,20,18,16,16,20,22,21,16,15,,,,,,,,,,
399,2,15,15,15,15,15,15,15,15,15,15,15,,,,,,,,,,
519,2,17,16,18,16,15,17,18,17,18,16,15,,,,,,,,,,
631,3,16,16,16,16,16,15,16,16,16,16,15,,,,,,,,,,
713,3,21,22,16,21,20,17,21,20,21,15,15,,,,,,,,,,
918,4,16,16,17,17,16,17,16,15,17,17,15,,,,,,,,,,
956,4,18,17,15,15,16,18,17,17,18,16,15,,,,,,,,,,
225,6,16,15,16,16,15,15,16,15,17,16,15,,,,,,,,,,
337,6,16,16,15,16,16,16,15,17,17,17,15,,,,,,,,,,
81,7,16,17,16,17,17,16,17,15,16,16,15,,,,,,,,,,
157,7,16,15,16,16,17,16,17,17,18,17,15,,,,,,,,,,
505,10,16,16,16,16,16,17,17,16,15,15,15,,,,,,,,,,
952,10,16,16,17,16,15,17,16,16,15,16,15,,,,,,,,,,
811,11,17,16,15,17,17,17,16,17,17,17,15,,,,,,,,,,
38,13,16,18,19,16,18,19,18,15,19,16,15,,,,,,,,,,
977,13,15,16,16,15,15,16,16,15,16,15,15,,,,,,,,,,
243,14,15,15,16,15,15,15,16,16,16,15,15,,,,,,,,,,
726,14,15,16,16,16,15,16,17,15,16,16,15,,,,,,,,,,
190,17,15,16,16,15,16,16,16,16,15,16,15,,,,,,,,,,
58,18,19,16,19,16,19,19,15,19,16,19,15,,,,,,,,,,
239,1,16,16,16,16,16,16,16,16,16,16,16,,,,,,,,,,
985,1,16,16,16,16,17,16,16,17,16,16,16,,,,,,,,,,
1001,1,17,17,16,16,16,17,17,16,16,17,16,,,,,,,,,,
466,2,17,18,16,17,17,16,17,17,17,17,16,,,,,,,,,,
537,2,17,16,17,16,17,17,17,17,16,17,16,,,,,,,,,,
580,3,17,18,17,20,20,18,20,21,16,17,16,,,,,,,,,,
585,3,16,17,16,17,17,17,16,17,18,18,16,,,,,,,,,,
262,4,17,18,17,18,16,17,18,16,19,17,16,,,,,,,,,,
223,5,17,17,16,18,16,18,16,17,17,16,16,,,,,,,,,,
763,5,17,16,18,17,17,16,17,18,16,17,16,,,,,,,,,,
842,6,18,18,17,17,17,16,18,18,17,18,16,,,,,,,,,,
1011,6,16,17,17,16,16,16,16,17,17,16,16,,,,,,,,,,
388,7,16,16,16,16,16,16,17,16,16,17,16,,,,,,,,,,
252,8,16,16,17,17,17,17,16,16,17,17,16,,,,,,,,,,
953,8,16,17,17,17,17,17,18,18,18,17,16,,,,,,,,,,
11,9,21,20,16,16,17,18,17,19,19,20,16,,,,,,,,,,
426,10,17,17,16,18,18,18,18,17,16,16,16,,,,,,,,,,
540,10,18,17,19,17,18,19,16,19,18,18,16,,,,,,,,,,
386,13,20,20,21,21,21,21,21,21,16,22,16,,,,,,,,,,
233,15,16,17,16,17,17,17,17,17,17,17,16,,,,,,,,,,
564,16,22,22,17,17,22,17,22,17,22,16,16,,,,,,,,,,
1004,16,17,17,16,17,16,17,17,17,16,17,16,,,,,,,,,,
1054,17,17,17,18,18,17,16,17,17,17,16,16,,,,,,,,,,
279,18,17,17,17,19,17,17,19,19,18,16,16,,,,,,,,,,
607,18,17,18,16,17,17,18,17,18,18,17,16,,,,,,,,,,
700,27,17,18,18,16,17,17,17,19,17,17,16,,,,,,,,,,
392,1,19,18,20,18,19,18,17,19,20,19,17,,,,,,,,,,
526,1,19,18,20,19,19,20,18,20,19,17,17,,,,,,,,,,
850,2,17,17,17,20,19,19,18,17,17,17,17,,,,,,,,,,
746,4,17,17,18,17,17,18,18,17,18,18,17,,,,,,,,,,
88,5,17,17,17,17,18,18,18,18,18,18,17,,,,,,,,,,
1057,5,18,17,18,18,19,18,19,19,18,19,17,,,,,,,,,,
1018,6,18,21,18,22,18,18,22,17,17,18,17,,,,,,,,,,
800,10,17,17,17,17,17,17,17,17,17,17,17,,,,,,,,,,
833,15,17,17,18,17,18,17,18,18,17,18,17,,,,,,,,,,
489,16,17,17,17,18,17,18,17,17,17,17,17,,,,,,,,,,
1019,19,19,18,18,17,18,18,19,19,19,19,17,,,,,,,,,,
664,27,17,17,18,17,17,18,18,17,18,18,17,,,,,,,,,,
103,1,20,19,19,18,20,19,20,19,19,18,18,,,,,,,,,,
353,1,18,19,18,18,19,18,18,18,19,18,18,,,,,,,,,,
355,1,20,19,20,19,20,18,19,19,20,19,18,,,,,,,,,,
536,1,22,21,22,21,19,22,18,21,22,21,18,,,,,,,,,,
82,2,22,18,23,19,23,18,18,18,19,23,18,,,,,,,,,,
625,2,20,19,19,18,20,23,23,19,21,22,18,,,,,,,,,,
28,4,20,19,18,19,20,19,19,19,19,19,18,,,,,,,,,,
993,4,19,19,18,20,20,19,19,19,19,18,18,,,,,,,,,,
615,5,18,19,18,19,19,20,19,20,19,19,18,,,,,,,,,,
0,7,19,18,20,19,19,18,20,19,19,20,18,,,,,,,,,,
313,9,19,19,18,18,19,19,19,19,18,18,18,,,,,,,,,,
533,9,20,20,20,20,18,18,18,18,20,20,18,,,,,,,,,,
172,11,20,19,18,21,20,20,19,20,19,19,18,,,,,,,,,,
973,14,19,20,20,20,19,21,21,19,18,21,18,,,,,,,,,,
192,15,19,18,19,18,20,20,19,19,19,20,18,,,,,,,,,,
849,15,22,18,23,19,23,23,23,19,18,23,18,,,,,,,,,,
20,16,21,23,23,24,23,21,23,22,23,18,18,,,,,,,,,,
410,18,20,21,19,19,19,19,18,20,22,18,18,,,,,,,,,,
610,18,18,18,20,19,18,20,18,19,18,18,18,,,,,,,,,,
769,18,19,19,19,18,19,19,19,18,18,19,18,,,,,,,,,,
363,19,20,18,19,20,18,21,20,19,19,21,18,,,,,,,,,,
634,20,19,21,19,22,21,22,22,18,22,18,18,,,,,,,,,,
912,1,20,20,36,20,20,19,21,21,21,20,19,,,,,,,,,,
995,1,19,20,29,20,20,20,20,20,19,21,19,,,,,,,,,,
55,2,20,20,19,20,20,20,19,20,19,19,19,,,,,,,,,,
73,2,19,19,19,19,19,19,19,19,19,19,19,,,,,,,,,,
303,2,19,20,19,20,19,20,19,19,20,20,19,,,,,,,,,,
80,3,20,21,21,21,21,21,20,21,21,19,19,,,,,,,,,,
304,4,19,20,20,20,20,20,20,20,20,20,19,,,,,,,,,,
33,7,19,19,19,19,19,19,19,19,19,19,19,,,,,,,,,,
207,8,20,19,20,21,20,21,21,20,20,21,19,,,,,,,,,,
491,9,19,20,20,21,22,22,20,21,20,21,19,,,,,,,,,,
479,10,20,21,19,20,20,21,20,21,19,19,19,,,,,,,,,,
516,13,20,19,21,20,20,19,21,20,21,20,19,,,,,,,,,,
434,14,19,19,19,19,19,19,19,19,19,19,19,,,,,,,,,,
531,17,19,19,20,20,19,20,20,20,20,20,19,,,,,,,,,,
432,25,24,19,24,24,25,25,20,25,24,25,19,,,,,,,,,,
1049,30,19,20,23,23,22,22,22,22,20,20,19,,,,,,,,,,
366,3,20,20,21,21,20,21,21,22,21,21,20,,,,,,,,,,
749,3,20,20,20,20,20,20,20,20,20,20,20,,,,,,,,,,
254,5,21,20,20,21,20,21,21,20,20,21,20,,,,,,,,,,
863,5,21,21,21,20,21,21,21,20,20,21,20,,,,,,,,,,
146,6,22,21,21,22,22,21,21,21,20,20,20,,,,,,,,,,
445,9,20,20,20,20,20,20,20,20,20,20,20,,,,,,,,,,
115,10,21,21,20,20,20,21,20,20,21,22,20,,,,,,,,,,
773,10,22,21,22,21,21,22,20,21,21,20,20,,,,,,,,,,
855,10,20,20,20,20,20,20,21,21,20,20,20,,,,,,,,,,
34,20,20,21,21,21,21,20,20,20,21,21,20,,,,,,,,,,
160,23,21,20,21,20,21,20,22,22,21,21,20,,,,,,,,,,
438,1,22,22,22,22,22,22,21,23,21,23,21,,,,,,,,,,
860,2,21,21,21,21,21,21,21,21,21,21,21,,,,,,,,,,
285,5,26,23,23,23,23,21,22,23,23,24,21,,,,,,,,,,
83,6,21,22,22,22,23,22,22,23,23,23,21,,,,,,,,,,
474,16,21,22,22,22,21,21,22,22,22,22,21,,,,,,,,,,
577,19,22,22,22,22,23,22,21,21,21,22,21,,,,,,,,,,
86,20,21,21,21,21,21,21,21,21,21,21,21,,,,,,,,,,
331,20,21,21,21,21,21,21,21,21,21,21,21,,,,,,,,,,
128,26,22,23,22,23,22,22,23,23,21,22,21,,,,,,,,,,
1010,27,22,21,22,22,22,21,21,21,22,22,21,,,,,,,,,,
710,1,25,23,22,26,25,26,26,26,26,23,22,,,,,,,,,,
551,4,23,22,24,23,24,23,24,23,24,23,22,,,,,,,,,,
329,6,23,24,22,23,24,24,23,25,23,24,22,,,,,,,,,,
87,7,22,22,23,23,22,22,23,22,23,23,22,,,,,,,,,,
240,10,23,22,23,24,24,23,24,23,23,23,22,,,,,,,,,,
314,17,31,24,23,22,23,30,23,30,22,22,22,,,,,,,,,,
572,18,23,22,24,23,23,24,24,22,24,23,22,,,,,,,,,,
502,21,22,22,22,22,22,23,23,22,22,22,22,,,,,,,,,,
1016,21,23,22,23,22,23,24,24,22,23,23,22,,,,,,,,,,
323,22,23,23,23,22,23,22,23,22,23,22,22,,,,,,,,,,
832,1,23,23,23,23,23,23,23,23,23,23,23,,,,,,,,,,
658,2,24,23,24,24,23,23,24,24,23,23,23,,,,,,,,,,
765,14,26,26,26,26,26,26,26,23,25,25,23,,,,,,,,,,
1030,23,25,24,24,23,25,24,25,24,23,24,23,,,,,,,,,,
351,1,27,26,26,26,26,25,25,25,24,27,24,,,,,,,,,,
827,1,25,25,26,24,26,26,26,25,25,25,24,,,,,,,,,,
273,2,25,24,25,26,26,25,25,26,26,25,24,,,,,,,,,,
181,3,25,26,24,25,24,25,24,26,25,25,24,,,,,,,,,,
15,7,25,25,25,25,25,25,24,25,25,24,24,,,,,,,,,,
635,10,25,25,24,24,26,26,25,25,25,25,24,,,,,,,,,,
342,14,24,24,26,26,26,26,24,24,27,24,24,,,,,,,,,,
689,21,25,24,26,25,26,26,25,25,25,26,24,,,,,,,,,,
513,22,25,25,24,24,26,25,25,26,26,25,24,,,,,,,,,,
757,24,24,24,24,24,24,24,24,24,24,24,24,,,,,,,,,,
57,26,24,26,24,24,24,26,24,24,26,24,24,,,,,,,,,,
97,2,25,25,25,26,26,25,25,26,26,25,25,,,,,,,,,,
673,5,29,25,29,25,26,29,29,26,25,25,25,,,,,,,,,,
385,6,26,26,25,27,25,27,26,26,26,26,25,,,,,,,,,,
408,6,26,25,27,26,26,27,26,27,25,26,25,,,,,,,,,,
488,8,26,27,25,26,27,27,26,27,26,27,25,,,,,,,,,,
825,1,26,26,26,26,27,26,27,27,27,27,26,,,,,,,,,,
333,3,26,27,27,27,27,26,27,27,26,27,26,,,,,,,,,,
345,6,26,26,26,26,26,26,26,26,26,26,26,,,,,,,,,,
754,1,28,28,27,27,28,29,28,29,28,29,27,,,,,,,,,,
173,4,28,27,29,28,28,29,28,29,28,30,27,,,,,,,,,,
423,6,28,28,28,27,27,28,27,28,29,29,27,,,,,,,,,,
316,27,28,29,29,29,27,28,28,28,28,29,27,,,,,,,,,,
609,27,27,28,27,27,28,28,27,27,28,28,27,,,,,,,,,,
696,27,28,27,28,28,27,28,28,28,27,27,27,,,,,,,,,,
62,3,29,29,29,28,29,29,29,28,29,28,28,,,,,,,,,,
123,24,28,28,28,28,28,28,28,28,28,28,28,,,,,,,,,,
567,26,29,29,28,28,29,28,29,28,29,29,28,,,,,,,,,,
32,6,29,29,29,29,29,29,29,29,29,29,29,,,,,,,,,,
506,9,30,30,29,31,31,30,30,30,31,30,29,,,,,,,,,,
141,1,31,33,32,31,32,30,33,31,34,34,30,,,,,,,,,,
925,1,32,31,32,32,31,32,30,31,31,32,30,,,,,,,,,,
906,12,30,30,31,31,31,31,31,31,32,31,30,,,,,,,,,,
7,1,32,33,32,32,32,32,31,31,33,31,31,,,,,,,,,,
324,1,31,31,31,31,31,31,31,31,31,31,31,,,,,,,,,,
1027,1,31,32,32,32,32,33,32,33,31,32,31,,,,,,,,,,
165,14,31,31,31,31,31,31,31,31,31,31,31,,,,,,,,,,
358,28,32,33,32,33,32,33,33,33,32,33,32,,,,,,,,,,
118,1,34,33,34,33,34,34,33,33,34,33,33,,,,,,,,,,
949,2,34,35,34,36,35,33,33,35,34,33,33,,,,,,,,,,
818,5,33,33,33,33,33,33,33,33,33,33,33,,,,,,,,,,
132,32,33,33,33,33,33,33,33,33,33,33,33,,,,,,,,,,
805,1,35,35,36,36,35,35,35,34,34,35,34,,,,,,,,,,
916,1,36,35,35,35,35,35,34,36,35,34,34,,,,,,,,,,
26,6,34,34,34,34,34,34,34,34,34,34,34,,,,,,,,,,
354,39,36,36,36,36,36,36,36,36,35,36,35,,,,,,,,,,
910,1,39,39,38,38,39,39,38,38,38,38,38,,,,,,,,,,
175,1,39,39,40,40,39,40,40,39,40,39,39,,,,,,,,,,
